1_tRNA1_Pro	35534	35608
1_tRNA2_Gly	308814	308887
1_tRNA3_Tyr	308895	308978
1_tRNA4_Thr	817886	817960
1_tRNA5_Thr	1092232	1092305
1_tRNA6_Lys	1443790	1443863
1_tRNA7_Lys	1866857	1866930
1_tRNA8_Lys	1870187	1870260
1_tRNA9_Pro	1976771	1976846
1_tRNA10_Pro	1976882	1976957
1_tRNA11_Arg	2030882	2030956
1_tRNA12_Arg	2030973	2031047
1_tRNA13_Arg	2031065	2031139
1_tRNA14_Gly	2072426	2072499
1_tRNA15_Gly	2135373	2135446
1_tRNA16_Leu	2135453	2135535
1_tRNA17_Gly	2135596	2135669
1_tRNA18_Leu	2135691	2135775
1_tRNA19_Leu	2135812	2135894
1_tRNA20_Gly	2135919	2135992
1_tRNA21_Ala	2389289	2389365
1_tRNA22_Ile	2389392	2389468
1_tRNA23_Ala	3076037	3076113
1_tRNA24_Ile	3076140	3076216
1_tRNA25_Thr	3131889	3131963
1_tRNA26_Ser	3409507	3409595
1_tRNA27_Arg	3529124	3529196
1_tRNA28_Ala	3689364	3689439
1_tRNA29_Ile	3689466	3689542
1_tRNA30_Ala	3749428	3749504
1_tRNA31_Ile	3749531	3749607
1_tRNA32_Val	3887282	3887357
1_tRNA33_Val	3887407	3887482
1_tRNA34_Val	3887511	3887586
1_tRNA35_Ala	3974247	3974323
1_tRNA36_Ile	3974350	3974426
1_tRNA37_Trp	4079441	4079514
1_tRNA38_Thr	4080802	4080874
1_tRNA39_Gly	4080885	4080958
1_tRNA40_Tyr	4080990	4081073
1_tRNA41_Thr	4081144	4081218
1_tRNA42_Leu	4129723	4129807
1_tRNA43_Arg	4264917	4264991
1_tRNA44_Ala	4436048	4436123
1_tRNA45_Ile	4436150	4436226
1_tRNA46_Glu	4766153	4766225
1_tRNA47_Leu	4904845	4904927
1_tRNA48_Pro	5099963	5100036
1_tRNA49_Phe	5100048	5100121
1_tRNA50_Met	5174192	5174268
