gene	start	end	length	strand	gc_content	genetic_code	rbs_motif	marker	evalue	bitscore	uscg	taxid	taxname	annotation_accessions	annotation_description
1|provirus_897862_924541_726	897862	900177	2316	1	0.404	11	TAAA	GENOMAD.072511.VV	0.0004929	46	0	0	0	2561	Caudoviricetes	NA	NA	K18959;COG4096;TIGR04095	Type I site-specific restriction endonuclease, part of a restriction-modification system
1|provirus_897862_924541_727	900180	901700	1521	1	0.416	11	TAAA	NA	NA	NA	0	0	0	1	NA	NA	NA	NA	NA
1|provirus_897862_924541_728	901716	902732	1017	1	0.380	11	TAA	NA	NA	NA	0	0	0	1	NA	NA	NA	NA	NA
1|provirus_897862_924541_729	902725	903171	447	1	0.396	11	None	NA	NA	NA	0	0	0	1	NA	NA	NA	NA	NA
1|provirus_897862_924541_730	903198	904769	1572	1	0.370	11	AAGAA	NA	NA	NA	0	0	0	1	NA	NA	NA	NA	NA
1|provirus_897862_924541_731	904749	905348	600	-1	0.362	11	TAA	NA	NA	NA	0	0	0	1	NA	NA	NA	NA	NA
1|provirus_897862_924541_732	905407	906213	807	1	0.387	11	TAAA	GENOMAD.168274.VV	4.606e-05	47	0	0	0	1	NA	NA	NA	PF00589;TIGR02249;COG4973;K14059	integron integrase
1|provirus_897862_924541_733	906681	907595	915	-1	0.469	11	TAAAAA	GENOMAD.211730.VP	9.59e-19	90	0	0	0	2561	Caudoviricetes	NA	NA	PF14297	NA
1|provirus_897862_924541_734	907747	908094	348	-1	0.474	11	TAAAAA	GENOMAD.141308.VP	9.941e-10	57	0	0	0	2561	Caudoviricetes	NA	NA	PF10902	WYL_2, Sm-like SH3 beta-barrel fold
1|provirus_897862_924541_735	909102	909740	639	1	0.498	11	TAA	NA	NA	NA	0	0	0	1	NA	NA	NA	NA	NA
1|provirus_897862_924541_736	909752	910234	483	1	0.474	11	TAAAAA	NA	NA	NA	0	0	0	1	NA	NA	NA	NA	NA
1|provirus_897862_924541_737	910271	911161	891	1	0.413	11	TAA	NA	NA	NA	0	0	0	1	NA	NA	NA	NA	NA
1|provirus_897862_924541_738	911161	911736	576	1	0.366	11	None	NA	NA	NA	0	0	0	1	NA	NA	NA	NA	NA
1|provirus_897862_924541_739	911757	912146	390	1	0.377	11	None	NA	NA	NA	0	0	0	1	NA	NA	NA	NA	NA
1|provirus_897862_924541_740	912166	913482	1317	1	0.437	11	None	GENOMAD.189983.VC	5.58e-05	48	0	0	0	2561	Caudoviricetes	NA	NA	PF00984;PF03720	UDP-glucose/GDP-mannose dehydrogenase family, central domain; UDP-glucose/GDP-mannose dehydrogenase family, UDP binding domain
1|provirus_897862_924541_741	913492	914427	936	1	0.393	11	TAAAAA	GENOMAD.023445.VV	0.0001292	46	0	0	0	2561	Caudoviricetes	NA	NA	PF05368;K02473;TIGR01472;COG0702	GDP-mannose 4,6-dehydratase
1|provirus_897862_924541_742	914566	914781	216	1	0.255	11	TAA	NA	NA	NA	0	0	0	1	NA	NA	NA	NA	NA
1|provirus_897862_924541_743	914804	915007	204	1	0.245	11	TAAAA	NA	NA	NA	0	0	0	1	NA	NA	NA	NA	NA
1|provirus_897862_924541_744	915443	916876	1434	1	0.310	11	AATAA	GENOMAD.147640.CP	7.519e-14	77	0	0	0	1	NA	NA	NA	PF13440;K16695;TIGR01695;COG0728	murein biosynthesis integral membrane protein MurJ
1|provirus_897862_924541_745	916881	917813	933	1	0.302	11	TAAAAA	NA	NA	NA	0	0	0	1	NA	NA	NA	NA	NA
1|provirus_897862_924541_746	917801	918661	861	1	0.289	11	AATAA	NA	NA	NA	0	0	0	1	NA	NA	NA	NA	NA
1|provirus_897862_924541_747	918678	919439	762	1	0.289	11	AAAAA	GENOMAD.171577.VC	1.263e-25	109	0	0	0	1	NA	NA	NA	NA	NA
1|provirus_897862_924541_748	919611	920627	1017	1	0.307	11	TAA	GENOMAD.162038.VC	3.14e-09	61	0	0	0	2561	Caudoviricetes	NA	NA	PF00852	Glycosyltransferase family 10 (fucosyltransferase) C-term
1|provirus_897862_924541_749	920654	921691	1038	1	0.301	11	TAAA	NA	NA	NA	0	0	0	1	NA	NA	NA	NA	NA
1|provirus_897862_924541_750	921707	922426	720	1	0.314	11	None	GENOMAD.033732.VV	2.438e-16	81	0	0	0	2561	Caudoviricetes	NA	NA	NA	NA
1|provirus_897862_924541_751	922431	923486	1056	1	0.325	11	AAA	NA	NA	NA	0	0	0	1	NA	NA	NA	NA	NA
1|provirus_897862_924541_752	923498	924541	1044	1	0.325	11	TAA	NA	NA	NA	0	0	0	1	NA	NA	NA	NA	NA
1|provirus_1725368_1744866_1444	1725368	1725769	402	1	0.413	11	AAA	GENOMAD.222178.PV	1.13e-73	242	0	0	0	1	NA	NA	NA	PF13508;COG5628	NA
1|provirus_1725368_1744866_1445	1726102	1727253	1152	1	0.318	11	AAAAA	NA	NA	NA	0	0	0	1	NA	NA	NA	NA	NA
1|provirus_1725368_1744866_1446	1727293	1728609	1317	-1	0.388	11	TAAA	GENOMAD.057710.VV	2.971e-14	78	0	0	1	2561	Caudoviricetes	NA	NA	PF00589;PF04860;K07358;TIGR01537	Phage integrase family; Phage portal protein
1|provirus_1725368_1744866_1447	1728623	1729681	1059	-1	0.414	11	TAAAAA	GENOMAD.057710.VV	1.103e-20	97	0	0	1	2561	Caudoviricetes	NA	NA	PF00589;PF04860;K07358;TIGR01537	Phage integrase family; Phage portal protein
1|provirus_1725368_1744866_1448	1729724	1731529	1806	1	0.406	11	TAAAA	NA	NA	NA	0	0	0	1	NA	NA	NA	NA	NA
1|provirus_1725368_1744866_1449	1731874	1732566	693	-1	0.405	11	AAA	NA	NA	NA	0	0	0	1	NA	NA	NA	NA	NA
1|provirus_1725368_1744866_1450	1732924	1733217	294	1	0.344	11	AATAA	NA	NA	NA	0	0	0	1	NA	NA	NA	NA	NA
1|provirus_1725368_1744866_1451	1733201	1733482	282	1	0.394	11	TAA	NA	NA	NA	0	0	0	1	NA	NA	NA	NA	NA
1|provirus_1725368_1744866_1452	1733607	1734026	420	1	0.369	11	TAAA	NA	NA	NA	0	0	0	1	NA	NA	NA	NA	NA
1|provirus_1725368_1744866_1453	1734010	1737258	3249	1	0.365	11	TAA	GENOMAD.206950.CP	1.049e-08	62	0	0	0	1	NA	NA	NA	PF12770;COG4995	Uncharacterized conserved protein, contains CHAT domain
1|provirus_1725368_1744866_1454	1738098	1739573	1476	1	0.474	11	TAA	GENOMAD.057710.VV	1.002e-19	96	0	0	1	2561	Caudoviricetes	NA	NA	PF00589;PF04860;K07358;TIGR01537	Phage integrase family; Phage portal protein
1|provirus_1725368_1744866_1455	1739582	1740934	1353	1	0.486	11	TAAA	GENOMAD.057710.VV	1.811e-15	82	0	0	1	2561	Caudoviricetes	NA	NA	PF00589;PF04860;K07358;TIGR01537	Phage integrase family; Phage portal protein
1|provirus_1725368_1744866_1456	1741000	1741293	294	-1	0.395	11	TAAA	GENOMAD.096706.VV	0.0004093	40	0	0	0	2561	Caudoviricetes	NA	NA	NA	NA
1|provirus_1725368_1744866_1457	1741307	1741510	204	-1	0.422	11	AAAA	NA	NA	NA	0	0	0	1	NA	NA	NA	NA	NA
1|provirus_1725368_1744866_1458	1741511	1741630	120	-1	0.392	11	TAAAAA	NA	NA	NA	0	0	0	1	NA	NA	NA	NA	NA
1|provirus_1725368_1744866_1459	1742079	1743488	1410	-1	0.319	11	TAA	NA	NA	NA	0	0	0	1	NA	NA	NA	NA	NA
1|provirus_1725368_1744866_1460	1743478	1744866	1389	-1	0.294	11	TAA	GENOMAD.222387.PV	8.711e-07	54	0	0	0	1	NA	NA	NA	NA	NA
1|provirus_1890317_1933434_1581	1890317	1890682	366	-1	0.331	11	TATAA	GENOMAD.147273.VC	3.883e-14	70	0	0	0	2561	Caudoviricetes	NA	NA	K22300;COG5606;TIGR00673	Predicted DNA-binding protein, XRE-type HTH domain
1|provirus_1890317_1933434_1582	1890870	1890977	108	-1	0.315	11	AACAA	NA	NA	NA	0	0	0	1	NA	NA	NA	NA	NA
1|provirus_1890317_1933434_1583	1891126	1891512	387	-1	0.382	11	TAAA	GENOMAD.148042.VV	4.553e-05	44	0	0	0	2561	Caudoviricetes	NA	NA	PF07022;COG5606;TIGR02612;K18830	Predicted DNA-binding protein, XRE-type HTH domain
1|provirus_1890317_1933434_1584	1891519	1891953	435	-1	0.349	11	TATAA	GENOMAD.147273.VC	1.36e-60	205	0	0	0	2561	Caudoviricetes	NA	NA	K22300;COG5606;TIGR00673	Predicted DNA-binding protein, XRE-type HTH domain
1|provirus_1890317_1933434_1585	1892037	1892603	567	-1	0.358	11	TAA	NA	NA	NA	0	0	0	1	NA	NA	NA	NA	NA
1|provirus_1890317_1933434_1586	1892666	1893166	501	-1	0.377	11	TAA	GENOMAD.147273.VC	1.908e-67	226	0	0	0	2561	Caudoviricetes	NA	NA	K22300;COG5606;TIGR00673	Predicted DNA-binding protein, XRE-type HTH domain
1|provirus_1890317_1933434_1587	1893531	1894139	609	1	0.455	11	TAA	NA	NA	NA	0	0	0	1	NA	NA	NA	NA	NA
1|provirus_1890317_1933434_1588	1894143	1894343	201	1	0.443	11	AATAA	GENOMAD.220347.VP	7.161e-09	52	0	0	0	2561	Caudoviricetes	NA	NA	PF13411;COG3311;TIGR02043;K19057	Predicted DNA-binding transcriptional regulator AlpA
1|provirus_1890317_1933434_1589	1894340	1894630	291	1	0.460	11	None	NA	NA	NA	0	0	0	1	NA	NA	NA	NA	NA
1|provirus_1890317_1933434_1590	1894614	1894847	234	1	0.470	11	TAAA	GENOMAD.060364.VV	2.776e-37	134	0	0	0	2561	Caudoviricetes	NA	NA	NA	NA
1|provirus_1890317_1933434_1591	1894871	1895320	450	1	0.478	11	AAA	NA	NA	NA	0	0	0	1	NA	NA	NA	NA	NA
1|provirus_1890317_1933434_1592	1895317	1895682	366	1	0.511	11	AAA	GENOMAD.146164.VC	1.448e-16	77	0	0	0	2561	Caudoviricetes	NA	NA	PF12689;TIGR01689;COG4996;K21064	capsule biosynthesis phosphatase
1|provirus_1890317_1933434_1593	1896045	1896389	345	1	0.481	11	TAAA	GENOMAD.081521.VV	1.996e-26	105	0	0	0	2561	Caudoviricetes	NA	NA	NA	NA
1|provirus_1890317_1933434_1594	1896391	1896837	447	1	0.483	11	TAAAAA	NA	NA	NA	0	0	0	1	NA	NA	NA	NA	NA
1|provirus_1890317_1933434_1595	1896851	1897846	996	1	0.446	11	TAAA	NA	NA	NA	0	0	0	1	NA	NA	NA	NA	NA
1|provirus_1890317_1933434_1596	1897873	1898022	150	1	0.427	11	TAAA	NA	NA	NA	0	0	0	1	NA	NA	NA	NA	NA
1|provirus_1890317_1933434_1597	1898006	1898200	195	-1	0.395	11	TAAAAA	NA	NA	NA	0	0	0	1	NA	NA	NA	NA	NA
1|provirus_1890317_1933434_1598	1898365	1898553	189	1	0.370	11	AATAA	NA	NA	NA	0	0	0	1	NA	NA	NA	NA	NA
1|provirus_1890317_1933434_1599	1898564	1898782	219	1	0.333	11	TAAA	NA	NA	NA	0	0	0	1	NA	NA	NA	NA	NA
1|provirus_1890317_1933434_1600	1898811	1899023	213	1	0.324	11	TAAAAA	NA	NA	NA	0	0	0	1	NA	NA	NA	NA	NA
1|provirus_1890317_1933434_1601	1899041	1899208	168	1	0.357	11	TAA	NA	NA	NA	0	0	0	1	NA	NA	NA	NA	NA
1|provirus_1890317_1933434_1602	1899219	1899620	402	1	0.371	11	TAA	GENOMAD.225236.VP	1.246e-72	239	0	0	0	2561	Caudoviricetes	NA	NA	NA	NA
1|provirus_1890317_1933434_1603	1899674	1899832	159	1	0.365	11	TAA	NA	NA	NA	0	0	0	1	NA	NA	NA	NA	NA
1|provirus_1890317_1933434_1604	1899867	1900100	234	1	0.402	11	TAA	GENOMAD.212448.VV	0.0004275	39	0	0	0	2561	Caudoviricetes	NA	NA	NA	NA
1|provirus_1890317_1933434_1605	1900149	1901093	945	1	0.451	11	None	GENOMAD.176734.VP	3.396e-43	163	0	0	0	2561	Caudoviricetes	NA	NA	PF04492;COG5625;TIGR04548	Bacteriophage replication protein O
1|provirus_1890317_1933434_1606	1901122	1901799	678	1	0.538	11	None	GENOMAD.038322.VV	3.24e-107	344	0	0	0	2561	Caudoviricetes	NA	NA	PF20338	NA
1|provirus_1890317_1933434_1607	1901803	1901988	186	1	0.484	11	TAA	GENOMAD.041886.VV	9.776e-18	77	0	0	0	2561	Caudoviricetes	NA	NA	NA	NA
1|provirus_1890317_1933434_1608	1902004	1902495	492	1	0.514	11	TAAAAA	GENOMAD.059892.VV	6.747e-26	106	0	0	0	2561	Caudoviricetes	NA	NA	NA	NA
1|provirus_1890317_1933434_1609	1902626	1903057	432	1	0.477	11	AATAA	NA	NA	NA	0	0	0	1	NA	NA	NA	NA	NA
1|provirus_1890317_1933434_1610	1903098	1903688	591	1	0.545	11	TAAAAA	NA	NA	NA	0	0	0	1	NA	NA	NA	NA	NA
1|provirus_1890317_1933434_1611	1903643	1903957	315	1	0.517	11	None	NA	NA	NA	0	0	0	1	NA	NA	NA	NA	NA
1|provirus_1890317_1933434_1612	1903984	1906200	2217	1	0.521	11	TAAAA	GENOMAD.052699.VV	0.0	1207	0	0	0	2561	Caudoviricetes	NA	NA	NA	NA
1|provirus_1890317_1933434_1613	1906260	1907078	819	1	0.546	11	TAAAAA	GENOMAD.043755.VV	2.06e-91	301	0	0	0	2561	Caudoviricetes	NA	NA	NA	NA
1|provirus_1890317_1933434_1614	1907239	1908174	936	1	0.538	11	TAA	GENOMAD.061060.VV	3.549e-85	285	0	0	0	2561	Caudoviricetes	NA	NA	NA	NA
1|provirus_1890317_1933434_1615	1908328	1908669	342	1	0.538	11	TAA	GENOMAD.078360.VV	1.72e-59	200	0	0	0	2561	Caudoviricetes	NA	NA	NA	NA
1|provirus_1890317_1933434_1616	1908650	1909327	678	1	0.546	11	TAA	GENOMAD.056727.VV	2.033e-112	359	0	0	0	2561	Caudoviricetes	NA	NA	NA	NA
1|provirus_1890317_1933434_1617	1909293	1910999	1707	1	0.577	11	AAAAA	GENOMAD.027197.VV	4.786e-102	346	0	0	1	2561	Caudoviricetes	NA	NA	PF04466;TIGR01547	NA
1|provirus_1890317_1933434_1618	1911581	1912051	471	1	0.514	11	TAAAAA	GENOMAD.019829.VV	1.994e-45	162	0	0	1	2561	Caudoviricetes	NA	NA	PF05105;COG4824	Bacteriophage holin family
1|provirus_1890317_1933434_1619	1912053	1912595	543	1	0.565	11	AAAAA	NA	NA	NA	0	0	0	1	NA	NA	NA	NA	NA
1|provirus_1890317_1933434_1620	1912571	1912861	291	1	0.485	11	AAA	GENOMAD.049718.VV	4.194e-42	149	0	0	0	2561	Caudoviricetes	NA	NA	NA	NA
1|provirus_1890317_1933434_1621	1912865	1914217	1353	1	0.542	11	TAAAA	GENOMAD.090234.VV	3.665e-79	274	0	0	0	2561	Caudoviricetes	NA	NA	PF07927;K07339;COG1724	Predicted RNA binding protein YcfA, dsRBD-like fold, HicA-like mRNA interferase family
1|provirus_1890317_1933434_1622	1914238	1914789	552	1	0.451	11	AAAAA	NA	NA	NA	0	0	0	1	NA	NA	NA	NA	NA
1|provirus_1890317_1933434_1623	1915271	1916212	942	1	0.563	11	TAA	GENOMAD.047596.VV	6.363e-143	452	0	0	0	2561	Caudoviricetes	NA	NA	PF20459	NA
1|provirus_1890317_1933434_1624	1916215	1917015	801	1	0.508	11	TAA	GENOMAD.079985.VV	1.068e-68	235	0	0	0	2561	Caudoviricetes	NA	NA	NA	NA
1|provirus_1890317_1933434_1625	1917012	1917407	396	1	0.551	11	TAA	GENOMAD.074854.VV	1.734e-09	57	0	0	0	2561	Caudoviricetes	NA	NA	PF08291	NA
1|provirus_1890317_1933434_1626	1917420	1917863	444	1	0.514	11	TAAA	GENOMAD.094543.VV	5.291e-39	143	0	0	0	2561	Caudoviricetes	NA	NA	NA	NA
1|provirus_1890317_1933434_1627	1917860	1918324	465	1	0.533	11	AAA	GENOMAD.053451.VV	1.369e-22	96	0	0	0	2561	Caudoviricetes	NA	NA	NA	NA
1|provirus_1890317_1933434_1628	1918386	1922444	4059	1	0.550	11	TAAAAA	GENOMAD.148376.VP	4.208e-124	436	0	0	1	2561	Caudoviricetes	NA	NA	COG3941	Phage tail tape-measure protein, controls tail length
1|provirus_1890317_1933434_1629	1922455	1924557	2103	1	0.553	11	AATAA	GENOMAD.045876.VV	3.558e-179	577	0	0	0	2561	Caudoviricetes	NA	NA	NA	NA
1|provirus_1890317_1933434_1630	1924820	1926013	1194	1	0.515	11	TAA	GENOMAD.088852.VV	1.122e-204	635	0	0	0	2561	Caudoviricetes	NA	NA	NA	NA
1|provirus_1890317_1933434_1631	1926108	1926731	624	1	0.465	11	TAA	GENOMAD.048443.VV	2.486e-101	326	0	0	0	2561	Caudoviricetes	NA	NA	NA	NA
1|provirus_1890317_1933434_1632	1926787	1927413	627	-1	0.506	11	TAA	GENOMAD.048443.VV	3.926e-62	213	0	0	0	2561	Caudoviricetes	NA	NA	NA	NA
1|provirus_1890317_1933434_1633	1927572	1928006	435	1	0.425	11	TAAA	GENOMAD.124099.VC	1.863e-65	219	0	0	0	2561	Caudoviricetes	NA	NA	NA	NA
1|provirus_1890317_1933434_1634	1928620	1928958	339	1	0.386	11	TAAAAA	NA	NA	NA	0	0	0	1	NA	NA	NA	NA	NA
1|provirus_1890317_1933434_1635	1930055	1930144	90	1	0.311	11	TAAAAA	NA	NA	NA	0	0	0	1	NA	NA	NA	NA	NA
1|provirus_1890317_1933434_1636	1930127	1930531	405	-1	0.375	11	AAAA	NA	NA	NA	0	0	0	1	NA	NA	NA	NA	NA
1|provirus_1890317_1933434_1637	1930596	1931825	1230	1	0.531	11	TAAAAA	GENOMAD.057710.VV	1.037e-13	76	0	0	1	2561	Caudoviricetes	NA	NA	PF00589;PF04860;K07358;TIGR01537	Phage integrase family; Phage portal protein
1|provirus_1890317_1933434_1638	1931845	1933056	1212	1	0.507	11	TAAAAA	GENOMAD.057710.VV	8.721e-19	92	0	0	1	2561	Caudoviricetes	NA	NA	PF00589;PF04860;K07358;TIGR01537	Phage integrase family; Phage portal protein
1|provirus_1890317_1933434_1639	1933141	1933434	294	-1	0.466	11	TAAAAA	NA	NA	NA	0	0	0	1	NA	NA	NA	NA	NA
1|provirus_2122375_2140479_1802	2122375	2123313	939	-1	0.537	11	TAAAAA	NA	NA	NA	0	0	0	1	NA	NA	NA	NA	NA
1|provirus_2122375_2140479_1803	2123529	2123903	375	1	0.504	11	AAA	NA	NA	NA	0	0	0	1	NA	NA	NA	NA	NA
1|provirus_2122375_2140479_1804	2123979	2125556	1578	-1	0.535	11	TAA	NA	NA	NA	0	0	0	1	NA	NA	NA	NA	NA
1|provirus_2122375_2140479_1805	2125850	2127106	1257	-1	0.436	11	AATAA	NA	NA	NA	0	0	0	1	NA	NA	NA	NA	NA
1|provirus_2122375_2140479_1806	2127314	2128522	1209	-1	0.470	11	TAAA	GENOMAD.020861.CC	1.676e-47	179	0	0	0	1	NA	NA	NA	PF03727;PF00349;K00844;COG5026;TIGR00744	Hexokinase; Hexokinase
1|provirus_2122375_2140479_1807	2128858	2129169	312	1	0.522	11	AACAA	GENOMAD.181167.VC	1.755e-46	162	0	0	0	1	NA	NA	NA	PF14053	NA
1|provirus_2122375_2140479_1808	2129520	2130140	621	1	0.494	11	TAA	GENOMAD.068481.VV	2.357e-84	277	0	0	1	2561	Caudoviricetes	NA	NA	PF04492;TIGR01714;K02086;COG2186	Bacteriophage replication protein O
1|provirus_2122375_2140479_1809	2130279	2131643	1365	1	0.563	11	AAA	GENOMAD.212786.VV	4.629e-22	103	0	0	1	2561	Caudoviricetes	NA	NA	PF20307;PF00772;TIGR00665;K02314;COG0305	replicative DNA helicase
1|provirus_2122375_2140479_1810	2131773	2132252	480	1	0.552	11	TAA	GENOMAD.180834.VC	2.364e-36	136	0	0	0	2561	Caudoviricetes	NA	NA	PF18291;COG0776;TIGR01201;K05788	HU domain fused to wHTH, Ig, or Glycine-rich motif
1|provirus_2122375_2140479_1811	2132471	2132914	444	1	0.536	11	TAGAA	GENOMAD.039329.VV	1.623e-26	107	0	0	0	2561	Caudoviricetes	NA	NA	PF01510;COG5632	N-acetylmuramoyl-L-alanine amidase CwlA
1|provirus_2122375_2140479_1812	2132949	2133089	141	-1	0.362	11	TAA	NA	NA	NA	0	0	0	1	NA	NA	NA	NA	NA
1|provirus_2122375_2140479_1813	2133125	2133436	312	-1	0.420	11	TAAA	NA	NA	NA	0	0	0	1	NA	NA	NA	NA	NA
1|provirus_2122375_2140479_1814	2133433	2133798	366	-1	0.301	11	None	NA	NA	NA	0	0	0	1	NA	NA	NA	NA	NA
1|provirus_2122375_2140479_1815	2133942	2134283	342	1	0.436	11	AAA	NA	NA	NA	0	0	0	1	NA	NA	NA	NA	NA
1|provirus_2122375_2140479_1816	2134309	2135262	954	1	0.439	11	None	NA	NA	NA	0	0	0	1	NA	NA	NA	NA	NA
1|provirus_2122375_2140479_1817	2135726	2136166	441	1	0.449	11	None	NA	NA	NA	0	0	0	1	NA	NA	NA	NA	NA
1|provirus_2122375_2140479_1818	2136123	2137223	1101	-1	0.506	11	None	NA	NA	NA	0	0	0	1	NA	NA	NA	NA	NA
1|provirus_2122375_2140479_1819	2137380	2139740	2361	-1	0.526	11	TAA	GENOMAD.021672.VV	3.769e-06	53	0	0	0	2561	Caudoviricetes	NA	NA	PF00580;TIGR01073;K03656;COG0210	ATP-dependent DNA helicase PcrA
1|provirus_2122375_2140479_1820	2139862	2140479	618	1	0.463	11	TAAA	GENOMAD.154135.VV	0.0009457	42	0	0	0	2561	Caudoviricetes	NA	NA	PF00081;COG0605;K04564	Iron/manganese superoxide dismutases, alpha-hairpin domain
