#Annotated with Bakta v1.11.4, https://github.com/oschwengers/bakta
#Database v6.0, https://doi.org/10.5281/zenodo.4247252
#Sequence Id	Start	Stop	Strand	Locus Tag	Mol Weight [kDa]	Iso El. Point	Pfam hits	Dbxrefs
contig_1	1	195	-	LGJFBO_00001	6.7	9.5		
contig_1	8711	8908	+	LGJFBO_00010	7.5	6.0		SO:0001217, UniRef:UniRef50_A0A416G5C3
contig_1	8946	9146	-	LGJFBO_00011	7.4	9.4		SO:0001217, UniRef:UniRef50_A0A413ZSR1
contig_1	11318	12640	+	LGJFBO_00015	49.0	9.2		
contig_1	21711	22304	-	LGJFBO_00026	23.0	5.6		SO:0001217, UniRef:UniRef50_A0A414KX30
contig_1	23338	23721	-	LGJFBO_00029	15.0	4.6		SO:0001217, UniRef:UniRef50_C9LE99
contig_1	36054	36611	-	LGJFBO_00045	21.1	9.9	PF06713.17|bPH_4	PFAM:PF06713.17
contig_1	66715	67800	+	LGJFBO_00068	40.9	4.9		SO:0001217, UniRef:UniRef50_A0A0I9RVV6
contig_1	68833	69816	-	LGJFBO_00070	37.6	6.4	PF19543.5|GH123_N	PFAM:PF19543.5
contig_1	69988	71862	-	LGJFBO_00071	69.9	8.8	PF19543.5|GH123_N, PF22680.2|Glyco_hydro_123_N_2	PFAM:PF19543.5, PFAM:PF22680.2
contig_1	75301	75474	-	LGJFBO_00075	6.6	5.7		
contig_1	75588	75752	+	LGJFBO_00076	6.3	9.5		
contig_1	77692	79146	+	LGJFBO_00079	55.2	9.0		
contig_1	79143	80531	+	LGJFBO_00080	54.0	8.9		
contig_1	82935	84011	+	LGJFBO_00083	41.6	8.9	PF13692.12|Glyco_trans_1_4	PFAM:PF13692.12
contig_1	84023	85117	+	LGJFBO_00084	42.6	9.0		
contig_1	85119	85628	+	LGJFBO_00085	18.6	9.7		
contig_1	86699	87832	+	LGJFBO_00087	43.4	6.1	PF14667.12|Polysacc_synt_C	PFAM:PF14667.12
contig_1	89055	90161	+	LGJFBO_00089	42.0	9.4		
contig_1	95792	95980	+	LGJFBO_00096	6.9	10.6		
contig_1	100166	101977	+	LGJFBO_00102	71.1	7.9	PF00165.29|HTH_AraC, PF00515.34|TPR_1, PF07719.23|TPR_2, PF12833.13|HTH_18, PF13181.12|TPR_8, PF13424.12|TPR_12	PFAM:PF00165.29, PFAM:PF00515.34, PFAM:PF07719.23, PFAM:PF12833.13, PFAM:PF13181.12, PFAM:PF13424.12
contig_1	101967	102074	-	LGJFBO_00103	4.1	9.4		
contig_1	104164	105669	+	LGJFBO_00106	54.6	8.2		
contig_1	114735	115247	+	LGJFBO_00118	19.6	5.0		
contig_1	128658	128771	-	LGJFBO_00128	4.3	8.1		
contig_1	157864	159108	+	LGJFBO_00154	48.0	8.1	PF02687.27|FtsX	PFAM:PF02687.27
contig_1	171226	171510	+	LGJFBO_00162	11.2	8.8		
contig_1	177490	179061	+	LGJFBO_00167	60.2	7.9	PF01420.25|Methylase_S	PFAM:PF01420.25, SO:0001217, UniRef:UniRef50_A0AB34X465
contig_1	179041	179640	-	LGJFBO_00168	22.9	5.9	PF01420.25|Methylase_S	PFAM:PF01420.25
contig_1	188858	189073	+	LGJFBO_00179	8.3	9.0		
contig_1	189096	189299	+	LGJFBO_00180	7.7	9.6		
contig_1	192093	192953	+	LGJFBO_00183	33.3	8.6		
contig_1	193903	194919	+	LGJFBO_00185	39.6	8.6	PF00852.26|Glyco_transf_10	PFAM:PF00852.26
contig_1	195999	196718	+	LGJFBO_00187	27.8	8.9	PF12919.13|TcdA_TcdB	PFAM:PF12919.13
contig_1	200589	200687	+	LGJFBO_00192	3.9	6.0		
contig_1	202628	202954	+	LGJFBO_00196	12.2	4.7	PF13657.11|Couple_hipA	PFAM:PF13657.11
contig_1	213530	213634	-	LGJFBO_00206	3.9	5.0		
contig_1	219019	220344	-	LGJFBO_00212	48.0	5.3	PF16819.11|DUF5074	PFAM:PF16819.11
contig_1	274103	274264	-	LGJFBO_00248	6.2	9.2	PF13529.12|Peptidase_C39_2	PFAM:PF13529.12
contig_1	276839	277075	+	LGJFBO_00250	9.3	9.1	PF13612.12|DDE_Tnp_1_3	PFAM:PF13612.12
contig_1	290015	290221	-	LGJFBO_00261	7.6	8.7		SO:0001217, UniRef:UniRef50_I9KK95
contig_1	290438	290986	-	LGJFBO_00262	20.7	9.0		
contig_1	301216	302559	+	LGJFBO_00270	49.5	9.9		
contig_1	313063	313314	+	LGJFBO_00282	9.7	9.4		
contig_1	314647	314922	-	LGJFBO_00285	10.6	4.8	PF00515.34|TPR_1, PF07719.23|TPR_2, PF13174.12|TPR_6, PF13176.12|TPR_7, PF13181.12|TPR_8, PF13414.12|TPR_11, PF13428.12|TPR_14, PF13431.12|TPR_17, PF13432.12|TPR_16, PF14559.12|TPR_19	PFAM:PF00515.34, PFAM:PF07719.23, PFAM:PF13174.12, PFAM:PF13176.12, PFAM:PF13181.12, PFAM:PF13414.12, PFAM:PF13428.12, PFAM:PF13431.12, PFAM:PF13432.12, PFAM:PF14559.12
contig_1	331728	333284	+	LGJFBO_00300	57.1	8.5	PF06808.19|DctM	PFAM:PF06808.19
contig_1	347315	348391	+	LGJFBO_00312	37.5	5.0	PF12985.13|DUF3869, PF22452.1|BF9343_1606-like_C	PFAM:PF12985.13, PFAM:PF22452.1
contig_1	353015	353128	+	LGJFBO_00318	4.3	10.2		
contig_1	375897	377081	+	LGJFBO_00340	46.0	5.5	PF07221.17|GlcNAc_2-epim	PFAM:PF07221.17
contig_1	442152	442304	-	LGJFBO_00376	6.3	9.8		
contig_1	443443	444783	-	LGJFBO_00378	50.6	5.0	PF00515.34|TPR_1, PF07719.23|TPR_2, PF09295.16|ChAPs, PF12569.14|NatA_aux_su, PF12895.13|ANAPC3, PF13174.12|TPR_6, PF13176.12|TPR_7, PF13181.12|TPR_8, PF13371.12|TPR_9, PF13374.12|TPR_10, PF13414.12|TPR_11, PF13424.12|TPR_12, PF13428.12|TPR_14, PF13431.12|TPR_17, PF13432.12|TPR_16, PF14559.12|TPR_19, PF23914.1|TPR_CcmH_CycH	PFAM:PF00515.34, PFAM:PF07719.23, PFAM:PF09295.16, PFAM:PF12569.14, PFAM:PF12895.13, PFAM:PF13174.12, PFAM:PF13176.12, PFAM:PF13181.12, PFAM:PF13371.12, PFAM:PF13374.12, PFAM:PF13414.12, PFAM:PF13424.12, PFAM:PF13428.12, PFAM:PF13431.12, PFAM:PF13432.12, PFAM:PF14559.12, PFAM:PF23914.1, SO:0001217, UniRef:UniRef50_A0A3A5YZ46
contig_1	444805	445020	-	LGJFBO_00379	7.6	4.5		SO:0001217, UniRef:UniRef50_A0A1M4XI43
contig_1	445013	445414	-	LGJFBO_00380	15.4	9.3		
contig_1	477937	478944	+	LGJFBO_00408	38.6	6.3	PF13098.12|Thioredoxin_2, PF13905.12|Thioredoxin_8, PF17127.10|DUF5106	PFAM:PF13098.12, PFAM:PF13905.12, PFAM:PF17127.10
contig_1	496578	496718	+	LGJFBO_00424	5.6	8.6		
contig_1	507917	509074	-	LGJFBO_00432	40.8	9.7		
contig_1	516305	516643	-	LGJFBO_00439	13.0	9.7		SO:0001217, UniRef:UniRef50_E1WUX6
contig_1	519899	520462	+	LGJFBO_00445	22.0	6.3		
contig_1	521990	522793	+	LGJFBO_00447	31.7	6.0	PF13508.13|Acetyltransf_7, PF13673.13|Acetyltransf_10	PFAM:PF13508.13, PFAM:PF13673.13
contig_1	524098	524307	+	LGJFBO_00450	7.7	4.6	PF00550.31|PP-binding	PFAM:PF00550.31
contig_1	524307	525035	+	LGJFBO_00451	26.8	9.0	PF00106.31|adh_short, PF13561.12|adh_short_C2, PF23441.1|SDR	PFAM:PF00106.31, PFAM:PF13561.12, PFAM:PF23441.1
contig_1	525048	525899	+	LGJFBO_00452	32.7	5.6	PF02522.19|Antibiotic_NAT	PFAM:PF02522.19
contig_1	525903	526523	+	LGJFBO_00453	23.3	4.9	PF00753.33|Lactamase_B	PFAM:PF00753.33
contig_1	527620	528600	+	LGJFBO_00455	38.4	8.5	PF00535.33|Glycos_transf_2, PF13641.12|Glyco_tranf_2_3	PFAM:PF00535.33, PFAM:PF13641.12
contig_1	530225	531451	+	LGJFBO_00457	46.8	9.0	PF13439.12|Glyco_transf_4	PFAM:PF13439.12
contig_1	533742	535103	+	LGJFBO_00460	52.0	8.9		
contig_1	535115	536242	+	LGJFBO_00461	43.4	8.1	PF13692.12|Glyco_trans_1_4	PFAM:PF13692.12
contig_1	544334	544813	+	LGJFBO_00468	17.2	9.2	PF00216.26|Bac_DNA_binding, PF14908.11|HU-CCDC81_euk_1, PF18291.6|HU-HIG	PFAM:PF00216.26, PFAM:PF14908.11, PFAM:PF18291.6
contig_1	558182	558289	+	LGJFBO_00481	4.1	6.5		
contig_1	558488	558754	+	LGJFBO_00482	9.9	6.7		
contig_1	558899	559417	+	LGJFBO_00483	20.4	8.9		
contig_1	560344	561498	+	LGJFBO_00485	43.2	6.5		SO:0001217, UniRef:UniRef50_A0A9D2VNY9
contig_1	569953	570165	+	LGJFBO_00494	8.2	9.6		
contig_1	610659	610787	+	LGJFBO_00526	4.9	5.5		
contig_1	619434	619532	-	LGJFBO_00533	3.7	9.5		
contig_1	623641	623757	+	LGJFBO_00536	4.3	5.3		
contig_1	624268	624450	-	LGJFBO_00537	7.0	5.0		
contig_1	626615	626926	+	LGJFBO_00539	11.8	8.2		SO:0001217, UniRef:UniRef50_A0A081TXK2
contig_1	628098	628994	+	LGJFBO_00541	31.8	4.7		
contig_1	632722	633783	+	LGJFBO_00545	39.9	5.9		
contig_1	633787	634149	+	LGJFBO_00546	13.5	4.7	PF00962.28|A_deaminase	PFAM:PF00962.28
contig_1	634276	634497	+	LGJFBO_00547	8.0	8.5		
contig_1	635356	635571	+	LGJFBO_00550	7.9	4.5		
contig_1	641164	641448	+	LGJFBO_00559	11.0	8.9		SO:0001217, UniRef:UniRef50_R9HHM2
contig_1	641773	642147	+	LGJFBO_00561	13.9	7.9		
contig_1	642260	642595	+	LGJFBO_00562	12.3	7.7		
contig_1	647757	649361	+	LGJFBO_00568	57.4	5.7	PF13004.13|BACON, PF18998.6|Flg_new_2	PFAM:PF13004.13, PFAM:PF18998.6
contig_1	649380	650177	+	LGJFBO_00569	28.9	5.4		
contig_1	650193	650501	+	LGJFBO_00570	11.0	9.9		
contig_1	656690	656878	+	LGJFBO_00578	7.1	4.7		SO:0001217, UniRef:UniRef50_A0A396BR27
contig_1	656879	657322	-	LGJFBO_00579	17.0	9.2		
contig_1	659113	659454	+	LGJFBO_00582	13.3	5.1		SO:0001217, UniRef:UniRef50_R9HA03
contig_1	663500	663778	-	LGJFBO_00586	10.7	7.8		SO:0001217, UniRef:UniRef50_A0A396BU50
contig_1	664557	664697	-	LGJFBO_00588	5.5	9.0		
contig_1	668599	668883	-	LGJFBO_00592	10.7	4.5		
contig_1	677951	678094	+	LGJFBO_00598	5.6	6.5		
contig_1	678380	678784	+	LGJFBO_00599	14.6	5.6		SO:0001217, UniRef:UniRef50_A6KYZ2
contig_1	678790	680106	+	LGJFBO_00600	48.4	9.8		
contig_1	683314	683667	+	LGJFBO_00602	13.2	9.6		SO:0001217, UniRef:UniRef50_I9BFK9
contig_1	688439	688681	+	LGJFBO_00607	9.2	4.8		SO:0001217, UniRef:UniRef50_D4IMZ0
contig_1	689598	689867	+	LGJFBO_00609	10.5	5.1		
contig_1	693049	693966	-	LGJFBO_00613	35.9	9.4	PF13102.12|Phage_int_SAM_5, PF17293.8|Arm-DNA-bind_5	PFAM:PF13102.12, PFAM:PF17293.8
contig_1	703023	703250	-	LGJFBO_00622	8.5	4.4		
contig_1	724099	725214	-	LGJFBO_00641	42.8	8.9	PF13692.12|Glyco_trans_1_4	PFAM:PF13692.12
contig_1	735618	736808	-	LGJFBO_00649	45.3	9.6	PF01103.29|Omp85	PFAM:PF01103.29
contig_1	741509	742186	+	LGJFBO_00653	24.4	5.0	PF04205.19|FMN_bind	PFAM:PF04205.19
contig_1	753526	754098	+	LGJFBO_00665	21.2	6.0	PF00881.29|Nitroreductase	PFAM:PF00881.29
contig_1	759445	759834	-	LGJFBO_00670	15.4	10.0		
contig_1	770176	770571	-	LGJFBO_00678	14.5	9.0	PF22544.2|HYDIN_VesB_CFA65-like_Ig	PFAM:PF22544.2
contig_1	778191	778349	+	LGJFBO_00684	6.1	6.0		
contig_1	787752	787853	-	LGJFBO_00697	3.7	9.8		
contig_1	788182	788352	+	LGJFBO_00699	6.7	8.9		
contig_1	789000	789236	+	LGJFBO_00701	8.9	9.2		
contig_1	803703	803984	-	LGJFBO_00710	11.1	7.8		
contig_1	803935	804273	-	LGJFBO_00711	12.6	6.2	PF00892.27|EamA	PFAM:PF00892.27
contig_1	805444	805767	-	LGJFBO_00714	12.9	7.8		SO:0001217, UniRef:UniRef50_I9B3T9
contig_1	806835	807230	+	LGJFBO_00716	15.2	7.7		
contig_2	7603	7977	+	LGJFBO_00725	13.9	4.8	PF11325.14|DUF3127	PFAM:PF11325.14
contig_2	14838	15242	+	LGJFBO_00732	15.3	8.8		
contig_2	17591	17902	-	LGJFBO_00734	10.9	7.9		
contig_2	22150	23253	-	LGJFBO_00737	39.9	4.8		
contig_2	29737	30705	-	LGJFBO_00744	33.6	4.5		
contig_2	33930	34322	-	LGJFBO_00748	14.6	5.0		SO:0001217, UniRef:UniRef50_I9VHM2
contig_2	36660	37280	+	LGJFBO_00751	24.2	8.5		SO:0001217, UniRef:UniRef50_I9V479
contig_2	48653	48895	+	LGJFBO_00765	9.5	10.3		
contig_2	51202	52095	+	LGJFBO_00769	34.0	6.8	PF00165.29|HTH_AraC, PF06445.20|GyrI-like, PF12833.13|HTH_18, PF14526.11|Cass2	PFAM:PF00165.29, PFAM:PF06445.20, PFAM:PF12833.13, PFAM:PF14526.11
contig_2	52032	52211	-	LGJFBO_00770	7.1	9.6		
contig_2	67328	67465	+	LGJFBO_00785	5.2	9.7		
contig_2	67857	68348	+	LGJFBO_00786	18.6	10.4		
contig_2	69613	69876	-	LGJFBO_00789	9.8	5.4	PF14542.12|Acetyltransf_CG	PFAM:PF14542.12
contig_2	85080	85832	-	LGJFBO_00798	29.0	7.6	PF16344.10|FecR_C	PFAM:PF16344.10
contig_2	86450	86998	+	LGJFBO_00800	21.9	6.3	PF04542.20|Sigma70_r2, PF04545.22|Sigma70_r4, PF08281.18|Sigma70_r4_2	PFAM:PF04542.20, PFAM:PF04545.22, PFAM:PF08281.18
contig_2	95212	95505	-	LGJFBO_00805	10.9	10.7		
contig_2	105279	105404	-	LGJFBO_00814	4.7	9.7		
contig_2	105468	105788	+	LGJFBO_00815	12.2	4.7		SO:0001217, UniRef:UniRef50_H1Q102
contig_2	127132	130095	-	LGJFBO_00834	112.5	6.1	PF02463.25|SMC_N, PF13476.12|AAA_23, PF13555.12|AAA_29, PF13558.12|SbcC_Walker_B	PFAM:PF02463.25, PFAM:PF13476.12, PFAM:PF13555.12, PFAM:PF13558.12
contig_2	147547	148101	-	LGJFBO_00845	21.1	9.3		SO:0001217, UniRef:UniRef50_A0A0I9S5Q6
contig_2	152274	152654	-	LGJFBO_00849	14.4	9.1	PF22544.2|HYDIN_VesB_CFA65-like_Ig	PFAM:PF22544.2
contig_2	154076	154231	-	LGJFBO_00852	6.1	5.6		
contig_2	158436	158636	-	LGJFBO_00858	7.6	8.6		
contig_2	176904	177440	+	LGJFBO_00875	20.1	7.8		SO:0001217, UniRef:UniRef50_I9VNF4
contig_2	195475	195600	-	LGJFBO_00890	4.8	6.0		
contig_2	208091	208411	-	LGJFBO_00903	12.4	9.3		
contig_2	213834	215378	-	LGJFBO_00909	58.4	9.5		
contig_2	215391	216143	-	LGJFBO_00910	29.2	9.0		
contig_2	216379	217407	-	LGJFBO_00911	39.7	9.5	PF13692.12|Glyco_trans_1_4	PFAM:PF13692.12
contig_2	220833	221261	-	LGJFBO_00915	16.2	6.1	PF01467.32|CTP_transf_like	PFAM:PF01467.32
contig_2	222460	223392	-	LGJFBO_00917	35.9	5.9	PF00535.33|Glycos_transf_2, PF13641.12|Glyco_tranf_2_3	PFAM:PF00535.33, PFAM:PF13641.12
contig_2	254370	254549	+	LGJFBO_00943	6.9	9.6		
contig_2	258674	260545	-	LGJFBO_00949	70.8	9.3	PF07715.20|Plug	PFAM:PF07715.20
contig_2	261763	262368	-	LGJFBO_00951	22.4	8.7	PF03938.19|OmpH	PFAM:PF03938.19
contig_2	365644	368064	-	LGJFBO_01026	86.0	4.9		
contig_2	368223	369239	-	LGJFBO_01027	37.7	5.6		
contig_2	369236	370507	-	LGJFBO_01028	48.6	9.8		
contig_2	376447	376692	-	LGJFBO_01033	9.0	9.4		
contig_2	412982	413509	+	LGJFBO_01056	19.4	8.9	PF09851.14|SHOCT	PFAM:PF09851.14
contig_2	413523	414095	+	LGJFBO_01057	22.0	8.9		
contig_3	1	216	-	LGJFBO_01070	8.1	9.7		
contig_3	481	1173	-	LGJFBO_01071	26.6	9.6		
contig_3	1531	1824	+	LGJFBO_01072	11.5	5.9	PF12728.13|HTH_17	PFAM:PF12728.13
contig_3	2214	2633	+	LGJFBO_01074	15.2	4.8		
contig_3	2617	5865	+	LGJFBO_01075	124.9	5.5	PF12770.12|CHAT	PFAM:PF12770.12
contig_3	10118	10237	-	LGJFBO_01080	4.7	4.8		
contig_3	16810	17295	-	LGJFBO_01084	17.8	6.2		
contig_3	21455	21970	-	LGJFBO_01087	20.0	4.9	PF00578.27|AhpC-TSA	PFAM:PF00578.27
contig_3	22035	22208	-	LGJFBO_01088	6.6	9.8		
contig_3	22236	22898	-	LGJFBO_01089	25.4	9.2		
contig_3	25235	26143	-	LGJFBO_01091	34.1	5.1		
contig_3	26426	26980	+	LGJFBO_01092	21.4	5.5	PF04542.20|Sigma70_r2, PF04545.22|Sigma70_r4, PF08281.18|Sigma70_r4_2	PFAM:PF04542.20, PFAM:PF04545.22, PFAM:PF08281.18
contig_3	26987	27943	+	LGJFBO_01093	36.3	5.7	PF16344.10|FecR_C	PFAM:PF16344.10
contig_3	30905	31708	-	LGJFBO_01095	31.1	9.0	PF13102.12|Phage_int_SAM_5, PF17293.8|Arm-DNA-bind_5	PFAM:PF13102.12, PFAM:PF17293.8
contig_3	36771	37205	+	LGJFBO_01101	15.9	9.0	PF13102.12|Phage_int_SAM_5	PFAM:PF13102.12
contig_3	69415	69510	+	LGJFBO_01126	3.6	9.7		
contig_3	70722	71189	+	LGJFBO_01128	17.0	9.2	PF00216.26|Bac_DNA_binding, PF14908.11|HU-CCDC81_euk_1, PF18291.6|HU-HIG	PFAM:PF00216.26, PFAM:PF14908.11, PFAM:PF18291.6
contig_3	76186	77397	+	LGJFBO_01133	46.0	8.8	PF02493.26|MORN	PFAM:PF02493.26
contig_3	87275	87382	+	LGJFBO_01141	4.0	6.5		
contig_3	93745	94803	-	LGJFBO_01148	39.7	6.8	PF01408.29|GFO_IDH_MocA, PF02894.22|GFO_IDH_MocA_C, PF03447.22|NAD_binding_3, PF22725.1|GFO_IDH_MocA_C3	PFAM:PF01408.29, PFAM:PF02894.22, PFAM:PF03447.22, PFAM:PF22725.1
contig_3	101040	101249	-	LGJFBO_01155	8.0	6.1	PF10771.15|DUF2582	PFAM:PF10771.15
contig_3	106336	106464	+	LGJFBO_01161	4.9	10.1		
contig_3	128106	128438	+	LGJFBO_01179	13.1	5.0		
contig_3	134017	134127	+	LGJFBO_01185	4.3	4.1		
contig_3	157852	158028	+	LGJFBO_01207	6.9	9.5		
contig_3	160126	160560	-	LGJFBO_01211	16.4	6.4		
contig_3	163478	163927	+	LGJFBO_01218	17.0	9.9		SO:0001217, UniRef:UniRef50_Q64TW7
contig_3	166480	166629	+	LGJFBO_01223	5.9	10.0		
contig_3	166613	166807	-	LGJFBO_01224	7.1	8.9		
contig_3	166832	166930	+	LGJFBO_01225	4.1	9.7		
contig_3	167171	167389	+	LGJFBO_01227	8.2	5.4		SO:0001217, UniRef:UniRef50_Q5CZG0
contig_3	167418	167630	+	LGJFBO_01228	8.2	4.7		
contig_3	167648	167815	+	LGJFBO_01229	6.7	9.4		
contig_3	168281	168439	+	LGJFBO_01231	6.2	4.2		
contig_3	168474	168707	+	LGJFBO_01232	8.6	9.7	PF02810.21|SEC-C	PFAM:PF02810.21
contig_3	170410	170595	+	LGJFBO_01235	7.4	9.9		SO:0001217, UniRef:UniRef50_D1JNG1
contig_3	170611	171102	+	LGJFBO_01236	19.3	9.4		SO:0001217, UniRef:UniRef50_A0A0I9RK12
contig_3	171705	172295	+	LGJFBO_01238	22.1	9.7		
contig_3	172250	172564	+	LGJFBO_01239	11.9	5.3		
contig_3	172591	174807	+	LGJFBO_01240	82.3	5.7		SO:0001217, UniRef:UniRef50_Q64TU8
contig_3	181178	181468	+	LGJFBO_01248	11.2	8.8		
contig_3	183878	184819	+	LGJFBO_01251	35.1	5.4		
contig_3	185619	186014	+	LGJFBO_01253	14.8	9.6	PF08291.16|Peptidase_M15_3	PFAM:PF08291.16
contig_3	191062	193164	+	LGJFBO_01257	78.6	6.3		SO:0001217, UniRef:UniRef50_Q5LCM8
contig_3	193427	194620	+	LGJFBO_01258	44.9	4.9		SO:0001217, UniRef:UniRef50_Q5LCM7
contig_3	198662	198751	+	LGJFBO_01263	3.3	5.3		
contig_3	202257	202376	-	LGJFBO_01268	4.5	4.9		
contig_3	206630	206887	+	LGJFBO_01272	9.6	10.1		SO:0001217, UniRef:UniRef50_Q8A4Z3
contig_3	206813	207505	-	LGJFBO_01273	27.1	9.8	PF00078.32|RVT_1	PFAM:PF00078.32
contig_3	207679	208167	-	LGJFBO_01274	18.6	9.6		
contig_3	221364	221528	-	LGJFBO_01282	6.3	6.5		
contig_3	223701	223964	-	LGJFBO_01284	9.6	6.8		
contig_3	239222	239401	+	LGJFBO_01302	6.9	9.9		SO:0001217, UniRef:UniRef50_A0A139LGL2
contig_3	241212	241418	-	LGJFBO_01305	7.9	9.1		
contig_3	243262	243357	-	LGJFBO_01309	3.6	4.9		
contig_3	243402	243695	+	LGJFBO_01310	11.3	9.7		
contig_3	243759	243938	-	LGJFBO_01311	7.0	9.6		SO:0001217, UniRef:UniRef50_A0A415PT73
contig_3	244121	245215	-	LGJFBO_01312	43.0	9.7	PF13102.12|Phage_int_SAM_5, PF17293.8|Arm-DNA-bind_5	PFAM:PF13102.12, PFAM:PF17293.8
contig_3	245775	245993	-	LGJFBO_01315	8.4	4.7		SO:0001217, UniRef:UniRef50_I8ZLI4
contig_3	247547	247720	+	LGJFBO_01318	6.4	6.2		
contig_3	290857	291876	+	LGJFBO_01350	38.5	8.2	PF06144.19|DNA_pol3_delta	PFAM:PF06144.19
contig_3	293089	293544	+	LGJFBO_01351	17.5	5.2	PF01381.28|HTH_3, PF07022.19|Phage_CI_repr, PF13443.12|HTH_26	PFAM:PF01381.28, PFAM:PF07022.19, PFAM:PF13443.12
contig_3	293507	293647	+	LGJFBO_01352	5.6	6.5		
contig_3	348868	349113	+	LGJFBO_01399	9.4	4.8		
contig_3	349088	349660	+	LGJFBO_01400	21.6	9.4		
contig_3	350363	350710	+	LGJFBO_01401	13.3	5.1		
contig_3	353722	354894	+	LGJFBO_01405	43.8	8.8	PF01061.29|ABC2_membrane	PFAM:PF01061.29
contig_3	361954	362097	-	LGJFBO_01413	5.6	5.6		
contig_3	371566	372804	+	LGJFBO_01419	46.6	5.9	PF00590.25|TP_methylase	PFAM:PF00590.25
contig_3	377422	378024	-	LGJFBO_01423	22.5	6.4		
contig_3	392136	392510	+	LGJFBO_01435	15.3	10.2		SO:0001217, UniRef:UniRef50_A0A396C8L0
contig_3	398127	398747	+	LGJFBO_01440	24.4	9.0		SO:0001217, UniRef:UniRef50_I9V479
contig_3	401556	401696	-	LGJFBO_01444	5.4	10.3		
contig_4	14595	14801	-	LGJFBO_01460	7.7	10.8		
contig_4	15073	15540	+	LGJFBO_01461	17.8	9.5		SO:0001217, UniRef:UniRef50_A0A396BV30
contig_4	15665	16627	+	LGJFBO_01462	37.2	8.4	PF07661.19|MORN_2	PFAM:PF07661.19
contig_4	39339	39536	+	LGJFBO_01480	7.6	5.0		
contig_4	55373	55771	+	LGJFBO_01493	15.4	9.7	PF06713.17|bPH_4	PFAM:PF06713.17
contig_4	72005	72154	+	LGJFBO_01505	5.8	5.6		
contig_4	72126	73094	+	LGJFBO_01506	37.5	7.5		
contig_4	74340	74639	+	LGJFBO_01508	11.4	8.3		
contig_4	77315	77410	-	LGJFBO_01512	3.4	8.5		
contig_4	77773	78816	+	LGJFBO_01514	39.5	5.2	PF15869.11|TolB_like	PFAM:PF15869.11
contig_4	79730	79849	+	LGJFBO_01516	4.4	11.0		
contig_4	81268	81393	+	LGJFBO_01518	4.8	5.7		
contig_4	99114	99281	+	LGJFBO_01537	6.3	10.3		
contig_4	109392	109613	-	LGJFBO_01545	8.6	9.7		
contig_4	113740	114498	+	LGJFBO_01548	27.2	5.1	PF14734.12|DUF4469, PF14848.11|HU-DNA_bdg	PFAM:PF14734.12, PFAM:PF14848.11, SO:0001217, UniRef:UniRef50_K5YL43
contig_4	161685	162059	-	LGJFBO_01588	13.9	9.6		SO:0001217, UniRef:UniRef50_A0A3E5CRD4
contig_4	175706	176476	-	LGJFBO_01602	27.9	6.0	PF00132.30|Hexapep, PF13720.11|Acetyltransf_11, PF25084.1|LbH_EIF2B	PFAM:PF00132.30, PFAM:PF13720.11, PFAM:PF25084.1
contig_4	194206	194343	+	LGJFBO_01614	5.2	4.5		
contig_4	195797	196141	+	LGJFBO_01616	13.4	4.8		
contig_4	214480	215361	-	LGJFBO_01632	34.3	9.2	PF00535.33|Glycos_transf_2, PF13641.12|Glyco_tranf_2_3	PFAM:PF00535.33, PFAM:PF13641.12
contig_4	229270	231036	+	LGJFBO_01644	67.1	5.8	PF13589.12|HATPase_c_3	PFAM:PF13589.12
contig_4	252945	255995	+	LGJFBO_01666	112.7	6.5	PF00009.33|GTP_EFTU, PF04760.21|IF2_N, PF11987.13|IF-2, PF22042.2|EF-G_D2	PFAM:PF00009.33, PFAM:PF04760.21, PFAM:PF11987.13, PFAM:PF22042.2
contig_4	256070	256573	+	LGJFBO_01667	18.1	8.9		
contig_4	291892	292632	-	LGJFBO_01694	28.1	9.6		
contig_4	305495	305698	+	LGJFBO_01706	8.3	10.3		
contig_4	305741	306130	+	LGJFBO_01707	14.2	9.3		
contig_4	308363	308803	-	LGJFBO_01711	17.0	10.3		
contig_4	317846	319159	+	LGJFBO_01720	49.5	9.9	PF01551.29|Peptidase_M23	PFAM:PF01551.29
contig_5	21906	22052	-	LGJFBO_01761	5.4	9.4		
contig_5	22052	22201	-	LGJFBO_01762	5.5	10.8		
contig_5	29790	30518	+	LGJFBO_01769	27.2	9.6	PF09922.15|LiaF-like_C, PF18917.5|LiaI-LiaF-like_TM1, PF22570.1|LiaF-TM	PFAM:PF09922.15, PFAM:PF18917.5, PFAM:PF22570.1
contig_5	34757	35182	-	LGJFBO_01774	15.8	8.4	PF20203.3|DUF6565	PFAM:PF20203.3
contig_5	48004	48696	-	LGJFBO_01786	26.1	5.0		
contig_5	53716	55203	-	LGJFBO_01790	56.0	5.6		
contig_5	93353	93466	-	LGJFBO_01822	4.6	10.0		
contig_5	95763	95909	-	LGJFBO_01824	5.7	10.0		
contig_5	127984	128430	-	LGJFBO_01847	17.0	4.1		SO:0001217, UniRef:UniRef50_A0A374VEE7
contig_5	149951	150331	+	LGJFBO_01864	13.3	4.6		
contig_5	157341	157520	+	LGJFBO_01871	6.8	8.9		
contig_5	219155	219322	-	LGJFBO_01921	6.7	9.6		
contig_5	224890	225555	-	LGJFBO_01927	24.9	6.1	PF00805.28|Pentapeptide, PF13576.12|Pentapeptide_3, PF13599.12|Pentapeptide_4, PF23894.2|LD_SV2	PFAM:PF00805.28, PFAM:PF13576.12, PFAM:PF13599.12, PFAM:PF23894.2
contig_5	245693	245917	+	LGJFBO_01949	8.6	4.6		
contig_5	253665	253778	+	LGJFBO_01957	4.3	9.6		SO:0001217, UniRef:UniRef50_I9VY59
contig_5	264167	265066	+	LGJFBO_01967	34.0	9.6	PF03432.20|Relaxase	PFAM:PF03432.20
contig_5	268110	268757	+	LGJFBO_01971	25.4	7.7		
contig_5	286207	286386	-	LGJFBO_01982	7.0	5.6		
contig_5	291262	292227	+	LGJFBO_01986	36.8	8.6	PF16344.10|FecR_C	PFAM:PF16344.10
contig_5	298398	298496	+	LGJFBO_01990	3.7	10.0		
contig_5	310854	311003	+	LGJFBO_02002	6.0	7.8		
contig_6	3	254	+	LGJFBO_02003	10.1	6.1		
contig_6	3619	4365	+	LGJFBO_02011	29.3	6.3		
contig_6	21807	21959	+	LGJFBO_02020	5.3	7.7		
contig_6	107939	108307	-	LGJFBO_02081	14.1	9.9		SO:0001217, UniRef:UniRef50_A0AAN4MUN4
contig_6	115928	117073	+	LGJFBO_02090	41.9	5.8	PF02775.26|TPP_enzyme_C, PF02776.23|TPP_enzyme_N	PFAM:PF02775.26, PFAM:PF02776.23
contig_6	117060	118199	+	LGJFBO_02091	42.5	5.5	PF00465.25|Fe-ADH, PF25137.1|ADH_Fe_C	PFAM:PF00465.25, PFAM:PF25137.1
contig_6	118214	119086	+	LGJFBO_02092	34.1	8.5	PF04991.19|LicD	PFAM:PF04991.19
contig_6	132094	132540	+	LGJFBO_02105	15.8	8.8	PF00216.26|Bac_DNA_binding, PF18291.6|HU-HIG	PFAM:PF00216.26, PFAM:PF18291.6
contig_6	144247	146028	+	LGJFBO_02112	68.5	6.5		SO:0001217, UniRef:UniRef50_B3C6L6
contig_6	146031	147404	+	LGJFBO_02113	52.1	5.9	PF03648.19|Glyco_hydro_67N	PFAM:PF03648.19
contig_6	147401	149248	+	LGJFBO_02114	68.6	7.1	PF18099.7|CBM_35_2	PFAM:PF18099.7
contig_6	167468	167602	+	LGJFBO_02129	4.8	8.7		
contig_6	186648	187025	-	LGJFBO_02144	14.6	7.0		SO:0001217, UniRef:UniRef50_I9VZ95
contig_6	221875	222102	-	LGJFBO_02165	8.3	6.3		
contig_6	228120	228233	+	LGJFBO_02170	4.5	4.5		
contig_6	241647	241832	+	LGJFBO_02183	6.9	9.9		
contig_6	241807	241935	+	LGJFBO_02184	4.8	9.4		
contig_6	242799	243722	-	LGJFBO_02186	32.9	8.9	PF04536.20|TPM_phosphatase	PFAM:PF04536.20
contig_6	248442	249122	+	LGJFBO_02192	25.7	9.2		
contig_6	253329	254483	+	LGJFBO_02196	43.1	8.4	PF01613.24|Flavin_Reduct, PF14730.11|DUF4468	PFAM:PF01613.24, PFAM:PF14730.11
contig_6	256273	256926	+	LGJFBO_02199	24.4	4.9		
contig_6	267156	267452	+	LGJFBO_02205	11.2	5.5		
contig_7	2	157	+	LGJFBO_02215	5.5	8.1		
contig_7	3092	3934	+	LGJFBO_02220	29.5	5.9	PF03544.19|TonB_C	PFAM:PF03544.19
contig_7	19786	21312	+	LGJFBO_02235	56.9	6.7		SO:0001217, UniRef:UniRef50_R5I5J3
contig_7	39463	40425	-	LGJFBO_02248	36.3	4.7	PF00515.34|TPR_1, PF07719.23|TPR_2, PF12895.13|ANAPC3, PF13174.12|TPR_6, PF13181.12|TPR_8, PF13371.12|TPR_9, PF13414.12|TPR_11, PF13424.12|TPR_12, PF13428.12|TPR_14, PF13431.12|TPR_17, PF13432.12|TPR_16, PF14559.12|TPR_19, PF23914.1|TPR_CcmH_CycH, PF25062.1|ARM_TT21_N	PFAM:PF00515.34, PFAM:PF07719.23, PFAM:PF12895.13, PFAM:PF13174.12, PFAM:PF13181.12, PFAM:PF13371.12, PFAM:PF13414.12, PFAM:PF13424.12, PFAM:PF13428.12, PFAM:PF13431.12, PFAM:PF13432.12, PFAM:PF14559.12, PFAM:PF23914.1, PFAM:PF25062.1
contig_7	47720	48151	+	LGJFBO_02254	16.3	9.5		
contig_7	48794	49414	+	LGJFBO_02256	24.3	5.3		
contig_7	51845	53377	+	LGJFBO_02261	58.7	9.5		SO:0001217, UniRef:UniRef50_A0A0I9SBF9
contig_7	53374	54225	+	LGJFBO_02262	33.6	9.0		
contig_7	55416	55916	+	LGJFBO_02264	18.4	7.7	PF00132.30|Hexapep, PF14602.12|Hexapep_2	PFAM:PF00132.30, PFAM:PF14602.12
contig_7	56789	57775	+	LGJFBO_02266	38.7	9.2	PF00535.33|Glycos_transf_2, PF13641.12|Glyco_tranf_2_3	PFAM:PF00535.33, PFAM:PF13641.12
contig_7	62482	62607	+	LGJFBO_02272	4.4	4.4		
contig_7	62658	62909	+	LGJFBO_02273	9.8	9.1		
contig_7	63232	63711	+	LGJFBO_02274	16.9	9.3	PF00216.26|Bac_DNA_binding, PF18291.6|HU-HIG	PFAM:PF00216.26, PFAM:PF18291.6
contig_7	74354	74998	+	LGJFBO_02284	24.5	5.8		
contig_7	102027	102251	+	LGJFBO_02302	9.0	5.5		SO:0001217, UniRef:UniRef50_A0A396BLU1
contig_7	102603	103241	+	LGJFBO_02303	24.7	9.0		
contig_7	113774	114058	-	LGJFBO_02315	11.1	10.2		SO:0001217, UniRef:UniRef50_A0A9Q4P7S0
contig_7	114323	114493	-	LGJFBO_02316	6.8	9.6		
contig_7	114524	114835	+	LGJFBO_02317	11.0	8.4		
contig_7	123701	123916	-	LGJFBO_02328	7.0	4.4		
contig_7	136041	136193	+	LGJFBO_02338	6.0	6.5		
contig_7	173280	173468	+	LGJFBO_02366	7.4	9.2		SO:0001217, UniRef:UniRef50_A0A015W6D5
contig_7	177720	177815	+	LGJFBO_02369	3.7	4.1		
contig_7	182402	182500	+	LGJFBO_02373	4.0	10.0		
contig_7	199061	199174	-	LGJFBO_02383	4.5	9.5		
contig_7	199256	199402	-	LGJFBO_02384	5.7	5.7		
contig_7	205243	205755	-	LGJFBO_02387	20.0	9.6	PF16288.11|DUF4934, PF17170.10|DUF5128	PFAM:PF16288.11, PFAM:PF17170.10
contig_7	205855	207030	+	LGJFBO_02388	44.9	6.2		
contig_7	210494	211837	-	LGJFBO_02391	52.6	5.6		
contig_7	212589	212888	-	LGJFBO_02392	10.3	7.5		
contig_7	212961	213155	-	LGJFBO_02393	7.6	9.7		
contig_7	213427	213654	-	LGJFBO_02394	8.8	9.8		
contig_7	213910	214965	+	LGJFBO_02395	41.3	9.9	PF13358.12|DDE_3	PFAM:PF13358.12
contig_7	215000	215731	+	LGJFBO_02396	28.0	6.1	PF05147.19|LANC_like	PFAM:PF05147.19
contig_7	218030	218176	+	LGJFBO_02398	5.7	7.7		
contig_7	218399	218536	+	LGJFBO_02399	5.0	6.5		
contig_7	234311	234448	+	LGJFBO_02410	5.3	4.2		
contig_7	255374	256117	+	LGJFBO_02426	28.6	5.4	PF01643.23|Acyl-ACP_TE, PF20791.3|Acyl-ACP_TE_C	PFAM:PF01643.23, PFAM:PF20791.3
contig_7	256134	256718	+	LGJFBO_02427	21.2	9.2	PF13505.12|OMP_b-brl, PF13568.12|OMP_b-brl_2	PFAM:PF13505.12, PFAM:PF13568.12
contig_7	279140	279265	+	LGJFBO_02449	4.6	4.6		
contig_8	8054	9628	+	LGJFBO_02461	58.2	7.1	PF07715.20|Plug	PFAM:PF07715.20
contig_8	9582	10625	+	LGJFBO_02462	38.4	9.7		
contig_8	25775	27424	+	LGJFBO_02471	63.2	6.2	PF00072.30|Response_reg, PF00165.29|HTH_AraC, PF00512.31|HisKA, PF02518.31|HATPase_c, PF12833.13|HTH_18	PFAM:PF00072.30, PFAM:PF00165.29, PFAM:PF00512.31, PFAM:PF02518.31, PFAM:PF12833.13
contig_8	39483	39581	+	LGJFBO_02478	3.8	4.1		
contig_8	42106	45828	-	LGJFBO_02482	142.2	6.1	PF01420.25|Methylase_S, PF07669.17|Eco57I, PF13588.12|HSDR_N_2	PFAM:PF01420.25, PFAM:PF07669.17, PFAM:PF13588.12
contig_8	47439	47627	+	LGJFBO_02485	7.3	10.3		
contig_8	49956	50174	-	LGJFBO_02488	8.4	8.1		
contig_8	50174	50767	-	LGJFBO_02489	22.8	9.2		
contig_8	51420	51869	-	LGJFBO_02491	16.6	8.6	PF13342.12|Toprim_Crpt	PFAM:PF13342.12
contig_8	65665	67362	-	LGJFBO_02502	66.2	8.5	PF00515.34|TPR_1, PF07719.23|TPR_2, PF13176.12|TPR_7, PF13181.12|TPR_8, PF13424.12|TPR_12, PF17874.7|TPR_MalT	PFAM:PF00515.34, PFAM:PF07719.23, PFAM:PF13176.12, PFAM:PF13181.12, PFAM:PF13424.12, PFAM:PF17874.7, SO:0001217, UniRef:UniRef50_I9BNK2
contig_8	67447	67950	+	LGJFBO_02503	19.3	6.3		
contig_8	121434	121661	+	LGJFBO_02541	8.5	5.2		SO:0001217, UniRef:UniRef50_F7LJ52
contig_8	124579	125016	-	LGJFBO_02545	17.4	10.1	PF13586.12|DDE_Tnp_1_2	PFAM:PF13586.12, SO:0001217, UniRef:UniRef50_F7LJ57
contig_8	125707	126105	+	LGJFBO_02547	15.4	8.4		
contig_8	127524	128003	+	LGJFBO_02550	18.7	6.1		
contig_8	128013	128315	+	LGJFBO_02551	11.1	5.2		
contig_8	130222	130494	+	LGJFBO_02553	9.9	5.1		
contig_8	143490	143630	+	LGJFBO_02566	5.8	9.8		SO:0001217, UniRef:UniRef50_I9BP20
contig_9	21983	22438	+	LGJFBO_02605	17.7	8.6		SO:0001217, UniRef:UniRef50_F3PTF3
contig_9	43677	44087	-	LGJFBO_02619	15.0	5.6		
contig_9	63331	63624	-	LGJFBO_02631	11.3	9.5		
contig_9	63599	63739	-	LGJFBO_02632	5.5	5.1		
contig_9	63815	63973	-	LGJFBO_02633	6.1	8.4		
contig_9	90422	90541	-	LGJFBO_02659	4.8	9.3		
contig_9	99692	100102	-	LGJFBO_02666	15.6	9.5		
contig_9	101336	101680	-	LGJFBO_02668	13.1	6.7		SO:0001217, UniRef:UniRef50_I9SZW5
contig_9	101827	102093	-	LGJFBO_02669	10.0	6.4		
contig_9	114226	114414	+	LGJFBO_02678	6.9	9.9		
contig_9	117693	117845	+	LGJFBO_02683	6.0	9.4		
contig_9	128719	128952	+	LGJFBO_02692	8.8	9.4	PF00165.29|HTH_AraC	PFAM:PF00165.29
contig_9	135186	135731	+	LGJFBO_02698	19.6	8.6		
contig_10	959	1351	+	LGJFBO_02718	14.5	9.4	PF01035.26|DNA_binding_1	PFAM:PF01035.26
contig_10	8661	10166	-	LGJFBO_02726	54.9	9.1	PF00037.32|Fer4, PF12797.12|Fer4_2, PF12801.12|Fer4_5, PF12837.12|Fer4_6, PF12838.12|Fer4_7, PF13183.11|Fer4_8, PF13237.11|Fer4_10, PF13484.11|Fer4_16, PF14697.11|Fer4_21	PFAM:PF00037.32, PFAM:PF12797.12, PFAM:PF12801.12, PFAM:PF12837.12, PFAM:PF12838.12, PFAM:PF13183.11, PFAM:PF13237.11, PFAM:PF13484.11, PFAM:PF14697.11
contig_10	12075	12167	-	LGJFBO_02729	3.6	8.8		
contig_10	15387	15548	-	LGJFBO_02732	6.3	9.4		
contig_10	22762	22881	+	LGJFBO_02738	4.4	10.7		
contig_10	22878	22997	+	LGJFBO_02739	4.5	6.0		
contig_10	75479	75655	+	LGJFBO_02801	6.4	10.4	PF00327.25|Ribosomal_L30	PFAM:PF00327.25
contig_10	79396	79548	-	LGJFBO_02809	6.0	5.2		
contig_10	101014	101910	+	LGJFBO_02828	33.4	9.6	PF13472.12|Lipase_GDSL_2	PFAM:PF13472.12
contig_10	116677	116949	+	LGJFBO_02840	10.4	4.6		
contig_10	129333	129437	+	LGJFBO_02847	3.9	8.3		
contig_10	149900	150676	-	LGJFBO_02863	30.3	9.9	PF13102.12|Phage_int_SAM_5	PFAM:PF13102.12
contig_11	1801	2130	-	LGJFBO_02865	12.3	9.7		
contig_11	2659	3285	-	LGJFBO_02867	23.4	5.4	PF19762.4|DUF6249	PFAM:PF19762.4
contig_11	12196	12600	-	LGJFBO_02874	15.4	8.6		
contig_11	12725	13000	-	LGJFBO_02875	9.9	9.4		SO:0001217, UniRef:UniRef50_A0A0E2AZL0
contig_11	26934	27137	+	LGJFBO_02888	7.3	5.4		
contig_11	49313	49858	-	LGJFBO_02910	21.1	5.8	PF13302.13|Acetyltransf_3, PF13420.13|Acetyltransf_4, PF13508.13|Acetyltransf_7	PFAM:PF13302.13, PFAM:PF13420.13, PFAM:PF13508.13
contig_11	50904	51044	+	LGJFBO_02912	4.9	12.0		SO:0001217, UniRef:UniRef50_U6R7Q4
contig_11	53287	55446	-	LGJFBO_02916	83.0	7.9	PF05272.17|VapE-like_dom, PF08800.15|BT4734-like_N	PFAM:PF05272.17, PFAM:PF08800.15, SO:0001217, UniRef:UniRef50_Q5L9R8
contig_11	55518	55910	-	LGJFBO_02917	15.4	9.0		SO:0001217, UniRef:UniRef50_I9K7X7
contig_11	64040	65404	+	LGJFBO_02926	51.6	9.4		
contig_11	65391	66326	+	LGJFBO_02927	36.1	9.0	PF00535.33|Glycos_transf_2	PFAM:PF00535.33
contig_11	66334	67530	+	LGJFBO_02928	46.7	9.4	PF13439.12|Glyco_transf_4, PF13692.12|Glyco_trans_1_4	PFAM:PF13439.12, PFAM:PF13692.12
contig_11	68477	69586	+	LGJFBO_02930	42.9	8.9		
contig_11	101639	101812	+	LGJFBO_02954	6.5	9.3		SO:0001217, UniRef:UniRef50_I9B851
contig_11	105364	105684	+	LGJFBO_02958	12.2	4.5		SO:0001217, UniRef:UniRef50_A0A015VYG3
contig_11	108103	109143	-	LGJFBO_02961	39.7	5.6	PF23916.1|TIM-barrel_EndoS	PFAM:PF23916.1
contig_11	136871	137578	+	LGJFBO_02990	27.1	9.2		
contig_12	445	597	+	LGJFBO_02993	5.9	10.4		
contig_12	5961	6710	+	LGJFBO_02997	29.1	4.9	PF14322.12|SusD-like_3	PFAM:PF14322.12
contig_12	6786	7580	+	LGJFBO_02998	30.2	5.1	PF07980.17|SusD_RagB	PFAM:PF07980.17
contig_12	30469	32370	+	LGJFBO_03015	71.6	6.7	PF00085.26|Thioredoxin, PF08534.16|Redoxin, PF13098.12|Thioredoxin_2, PF13905.12|Thioredoxin_8	PFAM:PF00085.26, PFAM:PF08534.16, PFAM:PF13098.12, PFAM:PF13905.12
contig_12	36227	36439	-	LGJFBO_03020	8.2	5.1		
contig_12	40270	40512	+	LGJFBO_03024	9.1	9.3		
contig_12	41010	41231	+	LGJFBO_03025	8.5	9.9		
contig_12	48496	48732	+	LGJFBO_03036	9.3	5.7		
contig_12	50972	52372	-	LGJFBO_03039	53.9	9.6	PF01479.30|S4, PF13275.11|S4_2	PFAM:PF01479.30, PFAM:PF13275.11
contig_12	60947	61330	-	LGJFBO_03048	15.1	5.8		SO:0001217, UniRef:UniRef50_E6SSH0
contig_12	89602	90273	-	LGJFBO_03067	25.2	5.0		
contig_12	94186	94338	-	LGJFBO_03071	6.0	9.7		
contig_12	94835	96067	-	LGJFBO_03073	48.4	8.2	PF13439.12|Glyco_transf_4, PF13692.12|Glyco_trans_1_4	PFAM:PF13439.12, PFAM:PF13692.12
contig_12	98487	98594	-	LGJFBO_03078	4.2	9.4		
contig_12	103286	103399	-	LGJFBO_03082	4.1	6.5		
contig_12	103487	103669	-	LGJFBO_03083	7.3	7.9		
contig_12	105533	105754	-	LGJFBO_03085	8.6	4.5		
contig_12	110104	111249	-	LGJFBO_03089	42.2	8.1	PF16288.11|DUF4934, PF17170.10|DUF5128	PFAM:PF16288.11, PFAM:PF17170.10
contig_12	138745	138930	-	LGJFBO_03112	6.8	9.8		
contig_13	83	355	+	LGJFBO_03114	9.3	7.4		
contig_13	21146	22132	+	LGJFBO_03130	37.6	5.8	PF00515.34|TPR_1, PF07719.23|TPR_2, PF13174.12|TPR_6, PF13181.12|TPR_8, PF13371.12|TPR_9, PF13414.12|TPR_11, PF13424.12|TPR_12, PF13428.12|TPR_14, PF13431.12|TPR_17, PF13432.12|TPR_16, PF14559.12|TPR_19, PF25062.1|ARM_TT21_N	PFAM:PF00515.34, PFAM:PF07719.23, PFAM:PF13174.12, PFAM:PF13181.12, PFAM:PF13371.12, PFAM:PF13414.12, PFAM:PF13424.12, PFAM:PF13428.12, PFAM:PF13431.12, PFAM:PF13432.12, PFAM:PF14559.12, PFAM:PF25062.1
contig_13	22211	22417	-	LGJFBO_03131	7.8	11.0		
contig_13	46496	46801	-	LGJFBO_03149	12.0	9.7		
contig_13	48442	48603	+	LGJFBO_03152	6.1	6.5		
contig_13	49617	50159	-	LGJFBO_03154	20.9	9.7		
contig_13	57992	58093	-	LGJFBO_03161	4.1	7.9		
contig_13	66081	66506	-	LGJFBO_03169	15.7	8.3	PF19762.4|DUF6249	PFAM:PF19762.4
contig_13	71288	71695	-	LGJFBO_03174	14.7	10.3		
contig_13	74580	74714	+	LGJFBO_03176	5.1	9.2		
contig_13	104633	107857	-	LGJFBO_03193	124.1	5.3	PF07980.17|SusD_RagB, PF14322.12|SusD-like_3	PFAM:PF07980.17, PFAM:PF14322.12
contig_13	116326	116625	+	LGJFBO_03202	11.0	5.8		
contig_13	120021	120140	+	LGJFBO_03205	4.4	10.0		
contig_13	121740	124052	-	LGJFBO_03208	87.6	8.3	PF02687.27|FtsX, PF12704.14|MacB_PCD	PFAM:PF02687.27, PFAM:PF12704.14, SO:0001217, UniRef:UniRef50_U6RM15
contig_13	125762	125899	+	LGJFBO_03210	5.3	10.0	PF01381.28|HTH_3, PF13560.12|HTH_31, PF13744.12|HTH_37	PFAM:PF01381.28, PFAM:PF13560.12, PFAM:PF13744.12
contig_13	126060	126308	+	LGJFBO_03211	9.4	4.6		
contig_13	126544	126867	-	LGJFBO_03212	12.3	9.2		
contig_13	127552	129273	+	LGJFBO_03213	67.4	8.4	PF00293.34|NUDIX, PF04055.27|Radical_SAM, PF13353.11|Fer4_12	PFAM:PF00293.34, PFAM:PF04055.27, PFAM:PF13353.11
contig_13	129611	130024	-	LGJFBO_03214	15.8	8.6	PF06250.17|YhcG_C	PFAM:PF06250.17
contig_13	130070	130399	-	LGJFBO_03215	12.5	9.1		
contig_13	130438	131199	-	LGJFBO_03216	29.5	5.4	PF00149.33|Metallophos	PFAM:PF00149.33
contig_13	134386	134811	+	LGJFBO_03218	15.4	6.2		
contig_14	17019	17744	+	LGJFBO_03238	27.9	9.0		SO:0001217, UniRef:UniRef50_K5Y9L1
contig_14	19568	19903	+	LGJFBO_03243	13.1	9.2	PF01638.23|HxlR	PFAM:PF01638.23
contig_14	21357	21710	+	LGJFBO_03245	13.4	7.7		SO:0001217, UniRef:UniRef50_A0A385BR11
contig_14	21720	22352	+	LGJFBO_03246	24.7	8.5		SO:0001217, UniRef:UniRef50_A0A098RYE3
contig_14	26354	26563	-	LGJFBO_03250	7.8	9.4		
contig_14	43305	43400	-	LGJFBO_03270	3.9	9.2		
contig_14	47716	48432	+	LGJFBO_03274	27.3	5.4		
contig_14	50428	50727	+	LGJFBO_03277	11.3	8.6		
contig_14	50724	51932	+	LGJFBO_03278	46.2	9.3		
contig_14	53284	53850	-	LGJFBO_03280	21.6	8.0		
contig_14	56511	60608	-	LGJFBO_03282	158.0	6.3	PF00271.37|Helicase_C	PFAM:PF00271.37
contig_14	60595	63021	-	LGJFBO_03283	96.2	6.2		SO:0001217, UniRef:UniRef50_A0A9D5WY25
contig_14	66197	67756	-	LGJFBO_03286	59.3	5.8	PF04326.19|SLFN_AlbA_2, PF13749.12|HATPase_c_4	PFAM:PF04326.19, PFAM:PF13749.12
contig_14	67767	67979	-	LGJFBO_03287	8.1	9.7	PF01381.28|HTH_3, PF13443.12|HTH_26	PFAM:PF01381.28, PFAM:PF13443.12
contig_14	68084	68332	-	LGJFBO_03288	9.7	8.5		
contig_14	68468	68764	-	LGJFBO_03289	10.8	9.3		
contig_14	69127	69354	-	LGJFBO_03290	8.1	10.4	PF01661.27|Macro	PFAM:PF01661.27
contig_14	77843	78817	-	LGJFBO_03295	37.5	4.9		SO:0001217, UniRef:UniRef50_A0A4V1L936
contig_14	84090	84197	+	LGJFBO_03301	3.9	7.8		
contig_14	88430	90688	-	LGJFBO_03305	84.0	7.7	PF00999.27|Na_H_Exchanger, PF02080.26|TrkA_C	PFAM:PF00999.27, PFAM:PF02080.26
contig_14	104685	104918	+	LGJFBO_03316	8.7	7.9		SO:0001217, UniRef:UniRef50_Q64QF0
contig_14	112828	115038	-	LGJFBO_03321	83.0	5.0	PF00072.30|Response_reg, PF00512.31|HisKA, PF02518.31|HATPase_c, PF13426.13|PAS_9	PFAM:PF00072.30, PFAM:PF00512.31, PFAM:PF02518.31, PFAM:PF13426.13
contig_14	115055	115324	-	LGJFBO_03322	9.8	9.4		
contig_14	116184	116384	+	LGJFBO_03324	7.4	11.2		
contig_14	123507	123920	+	LGJFBO_03332	15.1	8.9		
contig_14	123825	124028	-	LGJFBO_03333	7.2	6.0		
contig_14	125406	125513	-	LGJFBO_03336	4.1	6.0		
contig_15	6487	7656	+	LGJFBO_03342	43.4	4.6	PF00072.30|Response_reg	PFAM:PF00072.30
contig_15	21670	22482	+	LGJFBO_03354	30.7	5.2		SO:0001217, UniRef:UniRef50_I9V3D5
contig_15	23118	23354	+	LGJFBO_03356	8.8	9.1		SO:0001217, UniRef:UniRef50_A0A6I0SHJ6
contig_15	23366	23872	+	LGJFBO_03357	19.4	8.8		SO:0001217, UniRef:UniRef50_Q64S30
contig_15	23879	24217	+	LGJFBO_03358	12.7	7.7		SO:0001217, UniRef:UniRef50_I9AQQ5
contig_15	28083	28172	-	LGJFBO_03363	3.3	9.2		
contig_15	32232	32360	+	LGJFBO_03368	4.3	4.1		
contig_15	35651	36403	+	LGJFBO_03371	27.3	7.6	PF02872.23|5_nucleotid_C	PFAM:PF02872.23
contig_15	50720	51292	-	LGJFBO_03386	22.7	9.2		
contig_15	61326	62618	-	LGJFBO_03399	50.6	9.7		
contig_15	62624	63310	-	LGJFBO_03400	25.7	9.1		
contig_15	66118	67209	-	LGJFBO_03404	42.3	9.6	PF01757.29|Acyl_transf_3	PFAM:PF01757.29
contig_15	69333	69611	-	LGJFBO_03407	10.6	10.8		
contig_15	70046	71497	+	LGJFBO_03408	54.0	6.0	PF08800.15|BT4734-like_N	PFAM:PF08800.15
contig_15	71494	72420	+	LGJFBO_03409	34.5	8.7		
contig_15	72673	72921	-	LGJFBO_03410	9.7	9.1		
contig_15	100937	102484	+	LGJFBO_03437	54.7	6.5	PF00089.32|Trypsin, PF00595.29|PDZ, PF12812.13|PDZ_1, PF13180.12|PDZ_2, PF13365.12|Trypsin_2, PF17820.7|PDZ_6	PFAM:PF00089.32, PFAM:PF00595.29, PFAM:PF12812.13, PFAM:PF13180.12, PFAM:PF13365.12, PFAM:PF17820.7
contig_15	111490	111693	-	LGJFBO_03446	7.6	5.2		
contig_16	27	272	-	LGJFBO_03447	9.2	5.1	PF00076.28|RRM_1	PFAM:PF00076.28
contig_16	4185	4430	+	LGJFBO_03450	8.6	4.5	PF02823.21|ATP-synt_DE_N	PFAM:PF02823.21
contig_16	4461	4889	+	LGJFBO_03451	16.6	9.1		
contig_16	23676	23879	-	LGJFBO_03467	7.3	9.0		
contig_16	29825	29992	-	LGJFBO_03474	6.2	6.9		
contig_16	30021	30182	-	LGJFBO_03475	6.1	8.3		SO:0001217, UniRef:UniRef50_A0A9Q4JEE5
contig_16	32618	32746	+	LGJFBO_03478	5.0	9.2		
contig_16	33483	34286	+	LGJFBO_03479	30.1	5.0	PF00717.28|Peptidase_S24	PFAM:PF00717.28
contig_16	35643	36797	-	LGJFBO_03481	45.2	5.2	PF08867.16|FRG	PFAM:PF08867.16
contig_16	36820	38985	-	LGJFBO_03482	83.4	5.0	PF00515.34|TPR_1, PF07719.23|TPR_2, PF12895.13|ANAPC3, PF13424.12|TPR_12	PFAM:PF00515.34, PFAM:PF07719.23, PFAM:PF12895.13, PFAM:PF13424.12
contig_16	39249	39452	-	LGJFBO_03483	7.4	9.6		
contig_16	39956	40690	-	LGJFBO_03484	29.0	4.6		
contig_16	41115	41390	-	LGJFBO_03485	10.7	9.2		SO:0001217, UniRef:UniRef50_A0A060RAD3
contig_16	41436	41741	-	LGJFBO_03486	11.8	7.7		
contig_16	42188	42490	-	LGJFBO_03487	12.1	9.9		
contig_16	42519	43133	-	LGJFBO_03488	23.3	5.9		
contig_16	43148	43501	-	LGJFBO_03489	13.9	8.0		
contig_16	44382	46730	+	LGJFBO_03490	88.0	5.5	PF13342.12|Toprim_Crpt	PFAM:PF13342.12
contig_16	46736	47320	+	LGJFBO_03491	23.1	5.6		
contig_16	49573	49989	-	LGJFBO_03493	15.3	9.3		
contig_16	50016	50717	-	LGJFBO_03494	27.2	6.2	PF01381.28|HTH_3, PF12844.13|HTH_19, PF13443.12|HTH_26	PFAM:PF01381.28, PFAM:PF12844.13, PFAM:PF13443.12
contig_16	52325	52777	+	LGJFBO_03496	17.5	4.1	PF08989.15|DUF1896	PFAM:PF08989.15
contig_16	52915	53283	-	LGJFBO_03497	14.3	5.5		
contig_16	53280	53906	-	LGJFBO_03498	24.2	8.3	PF08843.17|AbiEii	PFAM:PF08843.17
contig_16	54873	54995	+	LGJFBO_03500	4.8	9.4		
contig_16	55096	55236	+	LGJFBO_03501	5.4	4.9		
contig_16	55223	61402	+	LGJFBO_03502	232.2	5.4	PF00271.37|Helicase_C, PF07669.17|Eco57I	PFAM:PF00271.37, PFAM:PF07669.17
contig_16	62413	62955	+	LGJFBO_03504	20.9	10.1		
contig_16	64919	65257	-	LGJFBO_03507	13.2	7.7	PF12728.13|HTH_17	PFAM:PF12728.13
contig_16	67995	68534	-	LGJFBO_03510	19.9	6.5	PF01872.23|RibD_C	PFAM:PF01872.23
contig_16	68869	69726	-	LGJFBO_03511	33.9	5.7		
contig_16	70218	71981	-	LGJFBO_03512	67.8	5.6		
contig_16	71990	72211	-	LGJFBO_03513	8.4	5.2	PF24737.1|DUF7688	PFAM:PF24737.1
contig_16	72274	72468	-	LGJFBO_03514	7.6	9.1		
contig_16	72711	72971	-	LGJFBO_03515	10.1	7.7		
contig_16	73376	73510	-	LGJFBO_03516	5.3	11.2		
contig_16	73690	80337	+	LGJFBO_03517	259.7	6.2		
contig_16	80341	80919	+	LGJFBO_03518	22.3	6.3		
contig_16	80935	81531	+	LGJFBO_03519	23.1	5.4		
contig_16	83089	83457	+	LGJFBO_03523	14.2	9.1		
contig_16	83759	83854	-	LGJFBO_03524	3.7	8.1		
contig_16	83856	84023	-	LGJFBO_03525	6.6	9.9		
contig_16	84048	85187	-	LGJFBO_03526	44.8	9.0	PF04055.27|Radical_SAM	PFAM:PF04055.27
contig_16	85211	85858	-	LGJFBO_03527	24.9	9.2	PF00990.26|GGDEF	PFAM:PF00990.26
contig_16	86589	87284	+	LGJFBO_03528	25.5	7.7		
contig_16	87426	87842	-	LGJFBO_03529	16.2	4.8		
contig_16	87853	88113	-	LGJFBO_03530	10.0	6.1		
contig_16	88292	88450	+	LGJFBO_03531	6.2	4.9		
contig_16	88660	88950	-	LGJFBO_03532	10.7	9.5		
contig_16	88977	89285	-	LGJFBO_03533	11.8	9.2		
contig_16	89329	89595	-	LGJFBO_03534	10.5	7.8	PF18824.6|LPD11	PFAM:PF18824.6
contig_16	90322	90543	-	LGJFBO_03536	8.4	8.8		
contig_16	90824	90934	+	LGJFBO_03537	4.3	9.2		
contig_16	90948	92159	+	LGJFBO_03538	47.0	8.8		
contig_16	92177	93019	-	LGJFBO_03539	32.6	7.7		
contig_16	97515	97622	-	LGJFBO_03541	4.3	9.3		
contig_16	99661	99906	+	LGJFBO_03544	9.5	8.7		SO:0001217, UniRef:UniRef50_D7J9B9
contig_16	99950	100279	+	LGJFBO_03545	12.7	9.7		
contig_16	105775	106776	-	LGJFBO_03552	38.5	9.7	PF13102.12|Phage_int_SAM_5	PFAM:PF13102.12
contig_17	175	378	+	LGJFBO_03553	7.0	8.0		
contig_17	32203	32442	+	LGJFBO_03574	9.2	5.5	PF04542.20|Sigma70_r2	PFAM:PF04542.20
contig_17	32551	33621	+	LGJFBO_03575	41.6	6.5	PF01055.32|Glyco_hydro_31_2nd	PFAM:PF01055.32
contig_17	33670	34788	+	LGJFBO_03576	42.5	7.1	PF01055.32|Glyco_hydro_31_2nd, PF21365.3|Glyco_hydro_31_3rd	PFAM:PF01055.32, PFAM:PF21365.3
contig_17	38478	38648	-	LGJFBO_03579	6.4	10.1		
contig_17	39684	40580	-	LGJFBO_03580	35.1	10.3		
contig_17	42834	42959	-	LGJFBO_03584	5.2	7.8		
contig_17	47098	47286	-	LGJFBO_03588	7.0	9.7		
contig_17	64569	65021	-	LGJFBO_03613	16.9	5.1		
contig_17	94584	95345	+	LGJFBO_03630	28.6	7.0	PF01656.29|CbiA, PF09140.17|MipZ, PF13614.12|AAA_31	PFAM:PF01656.29, PFAM:PF09140.17, PFAM:PF13614.12
contig_17	97091	97408	+	LGJFBO_03634	10.8	9.7		SO:0001217, UniRef:UniRef50_A0A401M1H3
contig_17	100697	100909	+	LGJFBO_03638	8.0	9.6		
contig_18	2	370	+	LGJFBO_03639	14.5	5.8		
contig_18	12091	12333	+	LGJFBO_03649	8.7	8.3		
contig_18	13752	13997	+	LGJFBO_03651	9.5	5.4		
contig_18	16509	16649	+	LGJFBO_03654	5.7	4.6		
contig_18	26889	27170	-	LGJFBO_03665	10.4	5.0	PF03992.22|ABM	PFAM:PF03992.22
contig_18	54302	54487	+	LGJFBO_03681	7.0	5.2		
contig_18	57287	57427	-	LGJFBO_03684	5.1	4.1		
contig_18	70918	71016	-	LGJFBO_03695	3.9	6.5		
contig_19	32044	32616	+	LGJFBO_03732	22.4	8.7		
contig_19	39703	39843	-	LGJFBO_03738	5.4	4.9		
contig_19	55637	55807	+	LGJFBO_03750	5.8	4.1	PF00037.32|Fer4, PF12797.12|Fer4_2, PF12798.12|Fer4_3, PF12800.12|Fer4_4, PF12837.12|Fer4_6, PF12838.12|Fer4_7, PF13183.11|Fer4_8, PF13237.11|Fer4_10, PF13484.11|Fer4_16, PF13534.11|Fer4_17	PFAM:PF00037.32, PFAM:PF12797.12, PFAM:PF12798.12, PFAM:PF12800.12, PFAM:PF12837.12, PFAM:PF12838.12, PFAM:PF13183.11, PFAM:PF13237.11, PFAM:PF13484.11, PFAM:PF13534.11
contig_19	84682	84765	+	LGJFBO_03770	3.4	10.6		
contig_20	2	652	+	LGJFBO_03771	25.0	6.5		
contig_20	653	772	+	LGJFBO_03772	4.6	10.6		
contig_20	3287	3403	+	LGJFBO_03775	4.8	6.8		
contig_20	3823	4452	+	LGJFBO_03776	23.8	9.4		
contig_20	4533	5855	-	LGJFBO_03777	49.8	6.2	PF01640.23|Peptidase_C10	PFAM:PF01640.23
contig_20	6691	7221	-	LGJFBO_03779	20.2	8.7		SO:0001217, UniRef:UniRef50_A0A016A3L7
contig_20	9570	11348	-	LGJFBO_03782	67.2	6.4	PF00270.35|DEAD, PF05127.20|Helicase_RecD, PF13086.12|AAA_11, PF13087.12|AAA_12, PF13245.12|AAA_19, PF13604.12|AAA_30	PFAM:PF00270.35, PFAM:PF05127.20, PFAM:PF13086.12, PFAM:PF13087.12, PFAM:PF13245.12, PFAM:PF13604.12, SO:0001217, UniRef:UniRef50_R7F0A9
contig_20	15209	15820	-	LGJFBO_03787	23.6	5.3		SO:0001217, UniRef:UniRef50_A0AAE6K893
contig_20	15902	16072	+	LGJFBO_03788	6.9	10.0		
contig_20	18284	19177	+	LGJFBO_03790	34.6	6.1		
contig_20	19330	20130	-	LGJFBO_03791	30.9	6.9		
contig_20	21511	21678	+	LGJFBO_03793	6.7	6.2		
contig_20	21707	22153	-	LGJFBO_03794	17.6	6.3	PF20600.3|ExoX-like_C	PFAM:PF20600.3
contig_20	22189	22500	-	LGJFBO_03795	12.6	4.7		SO:0001217, UniRef:UniRef50_A0A5N0LC23
contig_20	22524	22862	-	LGJFBO_03796	13.3	5.2		
contig_20	23152	23337	-	LGJFBO_03798	7.4	9.7		
contig_20	23337	23678	-	LGJFBO_03799	13.1	6.6		
contig_20	23865	24332	-	LGJFBO_03800	18.4	8.8		
contig_20	24353	24628	-	LGJFBO_03801	10.4	4.8		
contig_20	24612	24824	-	LGJFBO_03802	8.6	9.8		
contig_20	25130	25717	-	LGJFBO_03803	23.1	6.7		
contig_20	26340	27968	-	LGJFBO_03804	63.6	5.1		
contig_20	28137	28388	-	LGJFBO_03805	9.8	9.1		
contig_20	28432	28791	-	LGJFBO_03806	13.6	5.9		
contig_20	29917	30168	-	LGJFBO_03808	10.0	9.3		
contig_20	30152	30469	-	LGJFBO_03809	12.2	9.3		
contig_20	32192	33205	-	LGJFBO_03812	37.1	5.9	PF12508.14|Transposon_TraM	PFAM:PF12508.14
contig_20	35346	36131	-	LGJFBO_03815	29.3	5.5		
contig_20	39107	39433	-	LGJFBO_03818	12.5	10.1		
contig_20	39441	39752	-	LGJFBO_03819	10.9	9.7		
contig_20	47165	47920	-	LGJFBO_03825	28.8	5.2		
contig_20	47933	48433	-	LGJFBO_03826	19.6	6.1		
contig_20	49415	49639	+	LGJFBO_03828	8.5	4.3		
contig_20	52398	52982	-	LGJFBO_03831	23.4	8.2		
contig_20	54125	54943	+	LGJFBO_03833	30.7	7.7	PF00142.24|Fer4_NifH, PF01656.29|CbiA, PF02374.21|ArsA_ATPase, PF06564.18|CBP_BcsQ, PF09140.17|MipZ, PF13614.12|AAA_31	PFAM:PF00142.24, PFAM:PF01656.29, PFAM:PF02374.21, PFAM:PF06564.18, PFAM:PF09140.17, PFAM:PF13614.12
contig_20	54951	55187	+	LGJFBO_03834	8.9	9.1		
contig_20	57274	57477	+	LGJFBO_03836	8.1	4.3		
contig_20	59111	60754	+	LGJFBO_03838	60.8	5.2	PF13475.11|DUF4116	PFAM:PF13475.11
contig_20	66719	68455	+	LGJFBO_03841	65.9	5.0	PF13475.11|DUF4116	PFAM:PF13475.11
contig_20	77124	78083	+	LGJFBO_03846	36.3	8.9		
contig_21	7271	7588	+	LGJFBO_03853	12.4	5.3		SO:0001217, UniRef:UniRef50_D1JMQ3
contig_21	27816	28115	+	LGJFBO_03864	11.6	5.2	PF13181.12|TPR_8	PFAM:PF13181.12
contig_21	28192	28545	+	LGJFBO_03865	14.0	4.1	PF24832.1|DUF7716	PFAM:PF24832.1, SO:0001217, UniRef:UniRef50_A0A927MRA9
contig_21	28624	28992	+	LGJFBO_03866	14.2	4.7		
contig_21	29042	29599	+	LGJFBO_03867	21.9	4.6		SO:0001217, UniRef:UniRef50_A0A0I9S9K6
contig_21	29645	29989	+	LGJFBO_03868	13.7	4.8		
contig_21	34834	35142	-	LGJFBO_03877	11.9	9.8		
contig_21	35387	35548	+	LGJFBO_03878	6.3	7.7		
contig_22	2	352	+	LGJFBO_03908	13.7	8.0		
contig_22	6657	7250	-	LGJFBO_03917	22.5	10.2		
contig_22	7266	7487	-	LGJFBO_03918	8.3	6.7	PF24737.1|DUF7688	PFAM:PF24737.1, SO:0001217, UniRef:UniRef50_Q5LGB7
contig_22	7959	8204	-	LGJFBO_03920	9.3	4.2	PF22273.1|DUF6956	PFAM:PF22273.1
contig_22	11310	11525	-	LGJFBO_03927	7.8	10.7		
contig_22	12495	13085	-	LGJFBO_03928	22.6	5.1	PF08448.16|PAS_4	PFAM:PF08448.16
contig_22	20139	22088	-	LGJFBO_03932	73.7	5.3	PF07980.17|SusD_RagB, PF14322.12|SusD-like_3	PFAM:PF07980.17, PFAM:PF14322.12
contig_22	34898	35968	+	LGJFBO_03943	40.5	8.4	PF00578.27|AhpC-TSA, PF08534.16|Redoxin, PF13905.12|Thioredoxin_8	PFAM:PF00578.27, PFAM:PF08534.16, PFAM:PF13905.12
contig_22	56214	56528	+	LGJFBO_03959	12.1	6.8		
contig_23	28277	28405	-	LGJFBO_03990	4.9	9.9		
contig_23	32051	32239	+	LGJFBO_03993	7.1	9.7		
contig_23	41025	41174	-	LGJFBO_04001	6.0	9.6		
contig_23	47124	47489	-	LGJFBO_04008	13.8	6.2		
contig_23	47572	47805	+	LGJFBO_04009	9.6	9.4		
contig_23	48260	48550	-	LGJFBO_04011	10.6	5.9		
contig_24	10175	10387	-	LGJFBO_04046	7.8	10.3		
contig_24	17778	19037	-	LGJFBO_04053	45.9	8.5	PF13568.12|OMP_b-brl_2	PFAM:PF13568.12
contig_24	55591	55806	+	LGJFBO_04083	8.6	10.1		
contig_25	1	198	-	LGJFBO_04092	6.9	9.7		
contig_25	217	804	-	LGJFBO_04093	21.9	4.1		
contig_25	11426	11581	+	LGJFBO_04101	5.9	6.8		
contig_25	15641	15868	+	LGJFBO_04107	8.3	5.0		
contig_25	15865	16056	+	LGJFBO_04108	7.3	4.1		SO:0001217, UniRef:UniRef50_F7M0L1
contig_25	26249	26659	-	LGJFBO_04117	15.9	9.8	PF12728.13|HTH_17	PFAM:PF12728.13
contig_25	26894	27262	-	LGJFBO_04118	14.1	6.1		
contig_25	27275	27727	-	LGJFBO_04119	18.4	8.9		
contig_25	37419	37703	-	LGJFBO_04126	10.9	8.8		
contig_26	18894	21383	+	LGJFBO_04146	93.1	6.6	PF14498.12|Glyco_hyd_65N_2, PF21307.2|Glyco_hydro_95_C, PF22124.2|Glyco_hydro_95_cat	PFAM:PF14498.12, PFAM:PF21307.2, PFAM:PF22124.2, SO:0001217, UniRef:UniRef50_D3IEI9
contig_26	36542	37306	-	LGJFBO_04158	28.3	8.9		SO:0001217, UniRef:UniRef50_U6RB45
contig_26	48101	48478	+	LGJFBO_04164	14.3	5.4	PF07366.18|SnoaL, PF12680.13|SnoaL_2	PFAM:PF07366.18, PFAM:PF12680.13
contig_27	23	124	+	LGJFBO_04166	3.8	4.8		
contig_27	10224	11207	-	LGJFBO_04177	38.3	8.7		
contig_27	11209	12045	-	LGJFBO_04178	32.6	8.3	PF00535.33|Glycos_transf_2	PFAM:PF00535.33
contig_27	38777	39181	-	LGJFBO_04204	15.8	5.9		SO:0001217, UniRef:UniRef50_A0A449I3I3
contig_27	40772	40870	-	LGJFBO_04206	3.8	6.5		
contig_28	12849	13418	-	LGJFBO_04229	20.2	5.5	PF13505.12|OMP_b-brl, PF13568.12|OMP_b-brl_2	PFAM:PF13505.12, PFAM:PF13568.12
contig_28	19021	19425	-	LGJFBO_04233	15.1	4.1		
contig_29	4963	5151	-	LGJFBO_04259	7.5	7.9		
contig_29	24959	25723	-	LGJFBO_04272	27.4	4.9	PF14734.12|DUF4469, PF14848.11|HU-DNA_bdg	PFAM:PF14734.12, PFAM:PF14848.11, SO:0001217, UniRef:UniRef50_K5YL43
contig_29	29306	30958	+	LGJFBO_04275	61.9	5.3		
contig_29	38483	38770	+	LGJFBO_04281	11.2	9.5		
contig_29	39511	39621	+	LGJFBO_04283	4.1	10.3		
contig_30	3	152	+	LGJFBO_04284	5.9	10.4		
contig_30	20893	21069	-	LGJFBO_04299	6.7	9.2		
contig_30	36724	36921	+	LGJFBO_04308	7.1	8.8		
contig_31	55	693	-	LGJFBO_04313	24.4	9.6		SO:0001217, UniRef:UniRef50_E6SWB1
contig_31	16960	17385	+	LGJFBO_04326	15.6	6.0		SO:0001217, UniRef:UniRef50_Q64QC4
contig_32	61	384	+	LGJFBO_04337	11.7	4.7		
contig_32	537	1676	+	LGJFBO_04338	44.6	6.3	PF17170.10|DUF5128	PFAM:PF17170.10
contig_32	1673	2227	+	LGJFBO_04339	21.4	5.5		
contig_32	10603	11112	-	LGJFBO_04348	19.4	7.8	PF03938.19|OmpH	PFAM:PF03938.19
contig_32	18124	18534	+	LGJFBO_04354	14.9	9.8		
contig_32	21204	21437	+	LGJFBO_04360	9.0	9.6		
contig_32	21434	21679	+	LGJFBO_04361	9.3	4.3	PF22273.1|DUF6956	PFAM:PF22273.1
contig_32	22075	22320	-	LGJFBO_04363	9.6	10.3		
contig_32	29373	29723	-	LGJFBO_04373	13.8	9.0		
contig_33	2850	3719	+	LGJFBO_04376	32.5	6.0		
contig_33	14067	14339	+	LGJFBO_04384	9.4	9.8	PF00216.26|Bac_DNA_binding, PF18291.6|HU-HIG	PFAM:PF00216.26, PFAM:PF18291.6
contig_34	7512	8060	+	LGJFBO_04400	21.0	8.7		
contig_34	10026	10619	+	LGJFBO_04402	22.6	9.4		
contig_34	10627	10848	+	LGJFBO_04403	8.2	6.1	PF24737.1|DUF7688	PFAM:PF24737.1
contig_34	13498	13959	-	LGJFBO_04407	17.7	4.4		
contig_35	3512	3823	-	LGJFBO_04421	10.7	9.5		SO:0001217, UniRef:UniRef50_A0A401M1H3
contig_35	10753	10884	-	LGJFBO_04429	4.9	10.2		
contig_36	501	710	+	LGJFBO_04438	8.0	8.7		
contig_36	9797	9994	+	LGJFBO_04449	7.4	5.6		
contig_37	19079	19465	-	LGJFBO_04474	14.7	5.2		
contig_38	2642	2752	+	LGJFBO_04477	4.3	10.2		
contig_40	3	65	-	LGJFBO_04492	2.5	10.3		
contig_40	188	709	+	LGJFBO_04493	20.0	9.1		SO:0001217, UniRef:UniRef50_D6CX66
contig_40	6292	6471	-	LGJFBO_04500	7.3	10.0		
contig_41	2041	2823	+	LGJFBO_04509	29.4	4.6		SO:0001217, UniRef:UniRef50_A0AAP9NE27
contig_43	2067	2225	+	LGJFBO_04526	6.4	10.1		
contig_45	1010	1210	+	LGJFBO_04539	7.0	4.5		SO:0001217, UniRef:UniRef50_A0A415SFC0
contig_45	1177	1290	-	LGJFBO_04540	4.3	4.1		
contig_45	1877	2407	+	LGJFBO_04542	20.7	6.7		
contig_45	5038	5451	+	LGJFBO_04545	15.8	9.3	PF20240.3|DUF6597	PFAM:PF20240.3
contig_46	2	868	+	LGJFBO_04550	33.4	9.3		
contig_46	5213	5593	+	LGJFBO_04557	14.7	5.6		
contig_47	4725	4892	-	LGJFBO_04560	6.8	10.1		
contig_48	2271	2591	+	LGJFBO_04563	12.3	9.6		
contig_49	3	134	-	LGJFBO_04564	5.1	8.7		
contig_49	2364	2546	+	LGJFBO_04566	7.0	11.3		
contig_51	2289	2429	+	LGJFBO_04569	5.2	8.1		
contig_52	158	262	-	LGJFBO_04570	4.0	4.5		
contig_52	2000	2182	+	LGJFBO_04572	7.2	7.8		
contig_53	1593	1742	+	LGJFBO_04576	5.8	7.7		
contig_53	1850	387	+	LGJFBO_04577	27.6	6.4		
contig_55	1228	1392	-	LGJFBO_04580	6.4	9.0		
contig_56	2	130	-	LGJFBO_04581	4.9	9.3		
contig_56	574	876	+	LGJFBO_04582	11.6	9.2		
contig_56	774	1310	-	LGJFBO_04583	20.1	9.0		
contig_57	1012	1242	-	LGJFBO_04585	9.2	9.6		
contig_58	374	1201	+	LGJFBO_04587	31.7	5.2	PF17170.10|DUF5128	PFAM:PF17170.10
contig_62	2	538	+	LGJFBO_04591	20.0	9.1		
contig_62	694	795	+	LGJFBO_04592	3.9	8.3		
contig_63	2	64	-	LGJFBO_04593	2.5	6.1		
contig_65	2	373	+	LGJFBO_04596	14.5	6.8		
contig_66	2	256	-	LGJFBO_04597	10.0	6.7		
contig_67	117	383	+	LGJFBO_04598	10.1	5.8		
contig_68	1	327	+	LGJFBO_04599	11.6	9.7		
contig_73	2	208	+	LGJFBO_04601	7.4	6.5		
contig_74	3	86	-	LGJFBO_04602	3.3	9.3		
contig_74	99	230	-	LGJFBO_04603	5.2	9.1		
contig_75	3	215	-	LGJFBO_04604	8.1	4.7		
contig_77	1	162	-	LGJFBO_04605	6.5	10.5		
contig_79	3	74	-	LGJFBO_04608	3.0	11.7		
contig_80	67	174	+	LGJFBO_04609	4.2	4.1		
contig_81	1	171	+	LGJFBO_04610	6.5	8.2		
contig_82	2	169	+	LGJFBO_04611	6.0	9.2		
contig_83	2	169	+	LGJFBO_04612	6.0	9.2		
contig_84	1	168	-	LGJFBO_04613	6.4	10.8		
contig_86	1	165	+	LGJFBO_04614	6.3	9.2		
contig_87	1	165	+	LGJFBO_04615	6.1	8.1		
contig_88	3	158	+	LGJFBO_04616	6.2	8.3		
contig_89	3	158	+	LGJFBO_04617	6.1	6.3		
contig_90	3	134	-	LGJFBO_04618	4.8	7.9		
contig_91	3	143	-	LGJFBO_04619	5.4	10.1		
contig_92	1	141	+	LGJFBO_04620	5.2	8.8		
contig_94	1	138	+	LGJFBO_04622	5.0	5.4		
contig_95	3	137	-	LGJFBO_04623	5.2	6.4		
contig_96	31	135	-	LGJFBO_04624	3.9	10.7		
contig_97	2	127	+	LGJFBO_04625	5.0	9.7		
contig_98	1	126	-	LGJFBO_04626	5.0	6.2		
