assemblyΩ2_2479	UniRef100_A0A078T3M4~K03296	57.5	861	364	2	1	860	1	860	0.0	967
assemblyΩ2_960	UniRef100_A0A149N4Z7~K00688	98.6	775	11	0	1	775	1	775	0.0	1570
assemblyΩ2_549	UniRef100_A0A068DSQ2~K01890	38.9	576	337	7	37	611	45	606	4.92e-136	419
assemblyΩ1_4589	UniRef100_A0A0P0GDS9~K01190	30.1	604	346	12	2	545	142	729	2.75e-82	277
assemblyΩ2_2410	UniRef100_A0A0K6BWM6~K21572	96.8	539	17	0	1	539	1	539	0.0	1058
assemblyΩ2_2001	UniRef100_A0A0E2AKM6~K21572	98.3	539	9	0	1	539	1	539	0.0	1088
assemblyΩ2_2100	UniRef100_H6SQ71~K03701	43.5	550	276	10	1	521	43	586	9.14e-133	404
assemblyΩ2_1846	UniRef100_A0LYA0~K01138	52.1	505	229	6	22	515	22	524	4.41e-179	521
assemblyΩ1_4594	UniRef100_A0A0U5I951~K18138	48.4	502	252	4	6	500	5	506	3.61e-150	448
assemblyΩ2_1970	UniRef100_A0A0K6BWH7~K21575	94.6	503	25	2	4	505	8	509	0.0	1005
assemblyΩ1_4388	UniRef100_Q64ZN5~K15633	96.8	504	16	0	1	504	1	504	0.0	997
assemblyΩ1_4266	UniRef100_Q53WD0~K01190	31.6	516	272	17	2	472	82	561	6.14e-59	209
assemblyΩ2_1421	UniRef100_F6GB13~K18146	43.3	480	265	4	4	478	3	480	6.34e-113	350
assemblyΩ3_146	UniRef100_H2A8Z2~K17686	47.5	463	238	4	4	465	7	465	1.75e-135	406
assemblyΩ2_1838	UniRef100_D2T4T2~K01190	36.8	462	249	10	23	448	1	455	1.76e-86	280
assemblyΩ1_4485	UniRef100_Q64ZU0~K04079	92.6	474	35	0	1	474	115	588	0.0	884
assemblyΩ1_1042	UniRef100_D5ERJ0~K15738	69.3	489	122	3	1	471	120	598	7.42e-233	657
assemblyΩ1_5407	UniRef100_Q5L7N5~K01610	99.3	461	3	0	1	461	46	506	0.0	932
assemblyΩ1_2726	UniRef100_A0A0U1EPQ8~K01138	42.7	468	250	8	10	462	37	501	6.02e-133	399
assemblyΩ1_6244	UniRef100_Q5L8W1~K06178	97.9	466	10	0	1	466	1	466	5.37e-218	613
assemblyΩ1_1449	UniRef100_A0A015QS85~K03315	95.9	463	19	0	1	463	14	476	1.47e-312	853
assemblyΩ1_6088	UniRef100_A0A149NQL8~K03771	97.4	431	11	0	1	431	1	431	1.94e-293	804
assemblyΩ1_48	UniRef100_A0A139T6Y9~K21572	93.7	442	28	0	1	442	104	545	7.43e-299	820
assemblyΩ1_4437	UniRef100_D4JCT1~K02519	51.9	370	161	4	56	415	33	395	9.31e-117	352
assemblyΩ1_4973	UniRef100_A0A015UZ19~K08303	97.8	417	9	0	1	417	1	417	3.49e-295	805
assemblyΩ1_7597	UniRef100_U3Q759~K18682	68.6	382	120	0	27	408	4	385	1.02e-185	526
assemblyΩ1_4850	UniRef100_Q5LJ70~K06168	98.5	391	6	0	1	391	1	391	2.60e-281	771
assemblyΩ1_5519	UniRef100_A9AUT8~K07407	44.6	370	196	5	1	365	14	379	1.73e-108	330
assemblyΩ1_4625	UniRef100_E1WK17~K01686	91.8	402	32	1	1	401	1	402	3.10e-275	753
assemblyΩ2_1217	UniRef100_A9A1S5~K15894	33.8	337	200	10	56	390	2	317	3.94e-43	159
assemblyΩ1_233	UniRef100_A0A1G1U4M1~K01791	95.8	360	15	0	1	360	1	360	5.36e-252	692
assemblyΩ2_1263	UniRef100_A0A139TBB9~K00639	99.2	386	3	0	1	386	9	394	8.11e-278	760
assemblyΩ1_6079	UniRef100_K4IGA3~K00088	63.6	396	140	1	1	392	76	471	1.93e-170	491
assemblyΩ1_2798	UniRef100_Q64Y26~K16213	79.7	394	74	2	1	391	1	391	3.90e-232	643
assemblyΩ1_994	UniRef100_A0A015UA34~K00652	85.7	384	55	0	1	384	1	384	2.21e-239	662
assemblyΩ2_1490	UniRef100_A0A015PZ54~K07098	88.4	389	43	2	1	388	1	388	6.85e-247	680
assemblyΩ1_2358	UniRef100_A0A126PAY2~K02429	30.2	451	234	11	1	384	7	443	5.75e-54	190
assemblyΩ1_1840	UniRef100_A0A1S6F2M1~K03781	58.4	392	150	3	1	380	31	421	3.54e-165	477
assemblyΩ1_4047	UniRef100_B1KFU9~K03385	50.7	373	180	3	1	369	88	460	1.81e-131	390
assemblyΩ1_2746	UniRef100_D4LPQ7~K01662	41.4	336	192	3	26	361	2	332	2.12e-86	270
assemblyΩ1_2704	UniRef100_A0A0K6BQB1~K01206	98.9	374	3	1	1	374	77	449	1.95e-287	785
assemblyΩ1_4463	UniRef100_E4SEJ1~K01818	67.6	321	103	1	37	357	10	329	2.63e-167	476
assemblyΩ1_825	UniRef100_A0A174AYT0~K03286	46.8	393	158	10	1	373	1	362	3.71e-83	263
assemblyΩ1_2476	UniRef100_E9I3C8~K01414	40.1	329	192	5	38	363	1	327	3.62e-75	243
assemblyΩ1_6075	UniRef100_L1K049~K10901	46.0	311	152	5	1	299	21	327	2.36e-83	263
assemblyΩ1_6068	UniRef100_A0A0K6BYV0~K03545	95.1	366	18	0	1	366	48	413	8.98e-242	669
assemblyΩ2_717	UniRef100_Q64T01~K01992	87.3	363	46	0	1	363	1	363	4.11e-198	555
assemblyΩ2_912	UniRef100_A0A0A1H2V7~K01531	46.6	305	156	4	57	360	1	299	1.88e-85	266
assemblyΩ2_347	UniRef100_A0A015NXA2~K01992	95.3	365	17	0	1	365	32	396	6.51e-257	705
assemblyΩ1_5712	UniRef100_A0A0K6BZE5~K00971	90.2	358	30	3	1	356	1	355	8.22e-233	642
assemblyΩ3_98	UniRef100_A0A0K6BUM1~K00351	97.6	340	8	0	1	340	1	340	4.47e-240	663
assemblyΩ1_4394	UniRef100_Q93NB7~K15987	49.8	293	123	2	64	354	1	271	2.54e-80	252
assemblyΩ1_2764	UniRef100_Q5LH51~K00337	99.2	358	3	0	1	358	1	358	1.61e-255	699
assemblyΩ1_54	UniRef100_A0A149N7X8~K01442	99.7	359	0	1	1	358	1	359	4.15e-265	724
assemblyΩ1_5019	UniRef100_W8JGP2~K02470	48.1	314	162	1	16	329	6	318	1.73e-93	289
assemblyΩ1_3731	UniRef100_A6TN43~K00986	47.1	310	159	2	1	306	1	309	7.59e-105	318
assemblyΩ1_7414	UniRef100_A0A1G1TXA9~K03430	96.3	323	12	0	1	323	1	323	1.10e-230	637
assemblyΩ1_7518	UniRef100_Q74E59~K01271	35.4	322	204	4	32	349	76	397	5.06e-59	201
assemblyΩ1_2658	UniRef100_Q64XW8~K02536	96.5	346	12	0	1	346	1	346	1.26e-151	436
assemblyΩ1_2063	UniRef100_A0A0P0NMK5~K07404	45.3	329	155	9	3	326	2	310	8.35e-81	256
assemblyΩ2_1383	UniRef100_B9HZG2~K00895	52.4	336	150	2	2	337	40	365	7.84e-123	363
assemblyΩ1_3863	UniRef100_A0A0K6BPM5~K00625	92.4	340	25	1	1	340	1	339	1.91e-208	579
assemblyΩ2_2419	UniRef100_A0A149NRW9~K08679	92.9	336	24	0	1	336	1	336	1.56e-235	647
assemblyΩ1_1306	UniRef100_A0A0K6BSH7~K02371	95.5	311	14	0	3	313	1	311	1.60e-211	585
assemblyΩ1_7402	UniRef100_Q5L9P6~K00099	96.0	327	13	0	1	327	1	327	1.13e-224	622
assemblyΩ1_5035	UniRef100_A0A1Q2ME59~K03332	36.7	343	181	9	15	334	1	330	5.05e-69	224
assemblyΩ1_3637	UniRef100_A0A1G1TSK4~K00024	99.7	333	1	0	1	333	1	333	8.09e-241	660
assemblyΩ1_7242	UniRef100_I7ILL5~K01687	60.1	296	106	3	43	327	1	295	2.68e-112	333
assemblyΩ1_3844	UniRef100_A0A0K6BPN4~K06180	89.3	291	31	0	29	319	1	291	3.88e-184	518
assemblyΩ2_586	UniRef100_H0Q1G2~K12452	51.2	338	137	4	4	314	31	367	8.54e-113	339
assemblyΩ1_2771	UniRef100_A0A072TW03~K05573	33.8	349	198	4	3	318	19	367	1.48e-49	176
assemblyΩ2_985	UniRef100_A0A016BTH9~K01443	99.7	319	1	0	8	326	65	383	2.69e-229	633
assemblyΩ1_3658	UniRef100_A0A0X3BLU6~K01895	44.5	308	161	4	17	317	10	314	1.55e-87	272
assemblyΩ1_6734	UniRef100_Q60B82~K14261	34.7	294	188	2	1	290	51	344	6.20e-52	181
assemblyΩ1_4770	UniRef100_A0A286RBS0~K01866	48.8	322	157	5	1	321	64	378	1.83e-99	303
assemblyΩ4_293	UniRef100_A0A142HK56~K02100	34.2	325	149	10	7	317	25	298	1.57e-36	139
assemblyΩ1_1912	UniRef100_A0A0K6BRQ1~K02015	75.4	329	66	3	1	322	13	333	4.98e-161	458
assemblyΩ3_106	UniRef100_Q5LDN9~K00831	99.4	320	2	0	1	320	36	355	9.57e-235	645
assemblyΩ4_388	UniRef100_H8KA88~K01338	49.3	294	147	2	2	295	1	292	5.19e-84	263
assemblyΩ1_1619	UniRef100_A0A0K6BS51~K18785	98.4	319	5	0	1	319	14	332	6.87e-254	692
assemblyΩ1_5036	UniRef100_A7NHN6~K10439	35.7	305	177	7	21	312	26	324	1.15e-49	174
assemblyΩ1_3467	UniRef100_W6J5M7~K08303	31.0	294	165	12	2	258	15	307	3.17e-22	101
assemblyΩ1_6246	UniRef100_F7Z534~K01893	43.2	257	131	8	1	255	51	294	1.64e-61	203
assemblyΩ2_112	UniRef100_A0A1X9U128~K03974	37.8	270	160	2	43	304	7	276	1.32e-52	181
assemblyΩ2_343	UniRef100_A0A0K6BUY2~K01993	95.8	311	13	0	2	312	22	332	1.79e-204	567
assemblyΩ1_3713	UniRef100_A0A0K1PTH6~K07713	43.2	296	158	2	15	300	13	308	1.71e-70	227
assemblyΩ1_6300	UniRef100_Q7MXR9~K01992	60.6	307	121	0	3	309	72	378	5.98e-129	378
assemblyΩ1_5808	UniRef100_A0A223NQR3~K02527	46.5	303	161	1	1	302	35	337	9.63e-90	276
assemblyΩ1_5730	UniRef100_D4IJZ8~K07079	71.9	310	84	2	1	307	1	310	2.13e-171	483
assemblyΩ2_1022	UniRef100_A0A0K6BW46~K02038	99.0	289	3	0	1	289	1	289	2.24e-198	550
assemblyΩ2_1808	UniRef100_A0A1T5DC71~K02343	71.9	303	83	1	1	301	49	351	2.88e-157	449
assemblyΩ1_5852	UniRef100_A0A127EXN4~K02355	43.7	277	152	2	10	286	10	282	3.47e-71	228
assemblyΩ1_875	UniRef100_A0A1J0Z3Z4~K00615	37.4	270	154	6	16	279	1	261	2.16e-46	164
assemblyΩ1_742	UniRef100_A0A0K6BSL3~K01639	98.0	299	6	0	1	299	7	305	1.21e-224	617
assemblyΩ2_1313	UniRef100_A0A120MYP3~K12524	35.0	280	158	6	1	264	19	290	2.77e-38	142
assemblyΩ1_3610	UniRef100_A0A024FDV0~K02005	40.4	297	162	3	14	296	32	327	1.94e-70	228
assemblyΩ1_5225	UniRef100_Q1RMG2~K01251	71.1	284	79	2	16	297	24	306	2.27e-139	401
assemblyΩ2_1000	UniRef100_G9A3E7~K04771	31.1	267	152	7	2	265	39	276	1.60e-25	108
assemblyΩ1_5641	UniRef100_V4U243~K01537	42.6	282	160	2	6	286	1	281	8.25e-60	198
assemblyΩ1_962	UniRef100_A0A1U5PPX1~K18472	44.6	249	127	4	50	292	1	244	1.09e-61	201
assemblyΩ1_4928	UniRef100_E1WT72~K00077	94.4	268	15	0	3	270	1	268	9.21e-180	503
assemblyΩ2_798	UniRef100_A0A0K6BVB3~K01609	86.6	277	28	2	1	277	1	268	2.37e-163	460
assemblyΩ3_161	UniRef100_A0A223D489~K13533	31.7	262	145	9	31	283	54	290	9.31e-21	95.9
assemblyΩ2_1220	UniRef100_A0A1S8DLY8~K06217	33.0	285	151	10	3	275	36	292	5.46e-25	107
assemblyΩ1_4696	UniRef100_C0QU83~K02335	42.6	244	135	2	1	244	46	284	4.80e-60	198
assemblyΩ1_411	UniRef100_A8IG81~K01711	56.4	275	109	3	2	274	3	268	9.74e-99	298
assemblyΩ1_2022	UniRef100_E1WQ96~K03827	77.3	282	63	1	1	282	1	281	1.59e-153	436
assemblyΩ2_1860	UniRef100_Q64R86~K11645	96.8	283	9	0	1	283	68	350	8.09e-200	555
assemblyΩ2_767	UniRef100_A0A1J7GGG7~K10206	35.1	242	133	7	3	234	12	239	5.96e-33	127
assemblyΩ2_842	UniRef100_V5WF45~K06147	46.1	271	144	1	1	269	5	275	2.75e-74	236
assemblyΩ1_3650	UniRef100_Q64YZ5~K00145	94.9	277	14	0	1	277	1	277	4.56e-196	544
assemblyΩ1_4432	UniRef100_A0A140N985~K09014	71.9	278	77	1	1	278	60	336	3.84e-147	421
assemblyΩ1_2471	UniRef100_P24164~K00134	79.3	246	49	1	19	264	1	244	2.17e-136	392
assemblyΩ1_1041	UniRef100_A0A0K6BS58~K04486	91.7	277	23	0	1	277	1	277	1.69e-198	548
assemblyΩ1_2800	UniRef100_F7Z3U7~K03292	31.0	271	168	6	3	269	36	291	3.02e-33	129
assemblyΩ1_2572	UniRef100_K0WT82~K08138	38.2	251	140	3	31	273	5	248	2.30e-46	162
assemblyΩ2_2007	UniRef100_A0A142HKA9~K02529	35.8	243	151	2	1	242	17	255	9.16e-46	160
assemblyΩ5_114	UniRef100_F8KT66~K07496	45.5	233	122	2	1	233	47	274	1.91e-62	203
assemblyΩ1_7479	UniRef100_Q03084~K18788	41.1	270	155	4	3	272	7	272	1.99e-64	208
assemblyΩ2_2312	UniRef100_Q8A6Q5~K00156	92.5	227	17	0	45	271	2	228	1.31e-150	425
assemblyΩ2_1776	UniRef100_Q5LAX0~K01491	98.1	258	5	0	1	258	1	258	5.21e-179	499
assemblyΩ1_5662	UniRef100_F7V4C4~K00929	39.1	243	146	2	12	254	35	275	5.52e-48	167
assemblyΩ1_3297	UniRef100_C1DD50~K03665	53.1	241	102	3	12	249	7	239	8.44e-73	230
assemblyΩ4_140	UniRef100_D0RMJ3~K00288	37.8	275	158	4	6	267	50	324	3.74e-55	186
assemblyΩ3_85	UniRef100_B7P0M2~K01372	32.2	267	175	4	5	265	6	272	2.32e-40	146
assemblyΩ2_691	UniRef100_A0A0K6BV86~K05807	97.0	264	7	1	1	264	1	263	8.14e-178	495
assemblyΩ1_2856	UniRef100_M4RMM2~K19265	58.5	248	101	2	3	250	7	252	3.11e-98	294
assemblyΩ1_7322	UniRef100_Q5L9L6~K00560	95.8	264	11	0	1	264	1	264	9.40e-194	535
assemblyΩ1_4759	UniRef100_A0A0K6BNC1~K00046	98.1	263	5	0	1	263	1	263	5.18e-184	511
assemblyΩ1_4760	UniRef100_Q5LJ16~K01815	97.0	263	8	0	1	263	1	263	2.22e-191	530
assemblyΩ1_327	UniRef100_V7C076~K00036	40.8	233	121	5	30	249	34	262	2.29e-43	154
assemblyΩ1_7521	UniRef100_A0A0B5H5H9~K01322	40.3	243	137	5	4	243	11	248	2.46e-50	172
assemblyΩ1_1531	UniRef100_K8E4W8~K03169	48.6	216	94	5	2	213	3	205	9.59e-57	187
assemblyΩ1_6338	UniRef100_X5DGU3~K21572	31.9	288	153	6	10	260	21	302	4.54e-32	125
assemblyΩ1_2403	UniRef100_A0A158RMI4~K14155	36.4	250	158	1	4	252	12	261	1.04e-60	198
assemblyΩ2_1984	UniRef100_Q1ASD2~K07768	36.4	231	132	6	31	252	25	249	5.28e-29	116
assemblyΩ1_7344	UniRef100_A0A076NWI2~K15726	36.6	213	130	1	1	208	1	213	6.50e-44	153
assemblyΩ1_5536	UniRef100_M5WMC6~K08150	31.9	263	163	4	12	258	41	303	5.91e-32	125
assemblyΩ2_2378	UniRef100_I9FCV6~K06973	95.0	219	11	0	39	257	12	230	4.09e-144	408
assemblyΩ1_4734	UniRef100_A0A016EGJ8~K09817	94.5	220	12	0	1	220	34	253	1.18e-147	419
assemblyΩ1_5647	UniRef100_A0A0D5XTJ1~K11753	35.5	217	138	1	2	218	46	260	9.86e-36	134
assemblyΩ2_1107	UniRef100_A5G826~K00786	30.1	229	143	7	1	221	1	220	4.49e-18	86.7
assemblyΩ2_1255	UniRef100_A0A1C0WT75~K06167	94.8	252	13	0	1	252	4	255	3.78e-181	503
assemblyΩ1_6698	UniRef100_Q5L923~K01803	97.6	251	6	0	1	251	1	251	1.08e-172	481
assemblyΩ1_5913	UniRef100_A0A074ZSY3~K01468	41.3	235	120	6	16	241	1	226	3.62e-40	144
assemblyΩ1_4661	UniRef100_A0A0H3KWM6~K03551	62.6	246	92	0	4	249	34	279	1.93e-101	303
assemblyΩ1_3004	UniRef100_A0A081TTW7~K03497	98.7	239	3	0	1	239	1	239	4.54e-157	443
assemblyΩ2_213	UniRef100_A0A1G1TNB5~K02823	87.1	248	31	1	1	247	1	248	4.13e-153	432
assemblyΩ1_6574	UniRef100_A0A0K6BZ28~K00059	98.8	248	3	0	1	248	1	248	3.21e-168	469
assemblyΩ1_5735	UniRef100_C7X7A0~K02477	37.7	260	125	6	1	239	1	244	3.14e-42	150
assemblyΩ2_529	UniRef100_W6AWW5~K03596	58.9	231	95	0	1	231	1	231	9.42e-91	273
assemblyΩ1_7431	UniRef100_Q5L9Q7~K03550	95.0	200	9	1	16	214	1	200	4.69e-122	351
assemblyΩ2_999	UniRef100_R7DMY3~K03086	96.6	237	8	0	1	237	10	246	2.11e-151	429
assemblyΩ1_3941	UniRef100_A2GK90~K01425	33.7	208	131	4	18	223	1	203	7.22e-29	115
assemblyΩ1_3418	UniRef100_A0A015UCX4~K03442	91.3	242	21	0	2	243	1	242	1.18e-133	384
assemblyΩ1_5179	UniRef100_G0L6Y1~K07391	60.7	242	91	1	1	242	1	238	5.90e-96	288
assemblyΩ1_2568	UniRef100_U3TPK1~K05349	30.2	232	149	5	1	227	24	247	4.68e-25	105
assemblyΩ2_1861	UniRef100_Q5LAT7~K01834	97.5	199	5	0	43	241	31	229	1.13e-141	402
assemblyΩ2_1440	UniRef100_E1WSB2~K01104	86.7	240	32	0	1	240	21	260	1.03e-151	428
assemblyΩ2_606	UniRef100_A0A0A7A4C2~K02314	33.3	216	140	3	24	235	25	240	1.13e-34	130
assemblyΩ1_247	UniRef100_H2ZT38~K07478	47.9	219	96	4	9	210	26	243	8.87e-54	179
assemblyΩ3_464	UniRef100_A0A075VXH0~K02111	63.7	226	59	2	7	232	20	222	3.06e-89	268
assemblyΩ1_7619	UniRef100_A7ZEJ5~K00868	37.2	223	136	3	2	223	29	248	1.44e-45	159
assemblyΩ1_6898	UniRef100_A0A076NWI2~K15726	55.9	211	93	0	1	211	1	211	1.05e-74	231
assemblyΩ2_1026	UniRef100_A0A0E2ALD6~K02040	97.0	232	7	0	1	232	14	245	7.95e-154	434
assemblyΩ2_86	UniRef100_C7X5I2~K05595	99.2	237	1	1	1	237	6	241	4.70e-161	451
assemblyΩ1_2941	UniRef100_A0A1W4YI13~K07588	43.5	237	124	1	9	235	21	257	3.75e-56	186
assemblyΩ1_7022	UniRef100_L0KUV6~K01838	35.8	204	126	4	20	223	2	200	6.71e-34	127
assemblyΩ1_3523	UniRef100_A0A1L6LDY5~K01547	71.1	204	48	2	35	227	1	204	1.58e-89	270
assemblyΩ2_2086	UniRef100_Q73GD9~K01952	33.9	230	120	9	5	216	28	243	1.13e-24	104
assemblyΩ1_7598	UniRef100_A0A1C7GY64~K06201	76.4	208	49	0	1	208	1	208	3.78e-111	325
assemblyΩ1_6736	UniRef100_A0A139LLM3~K04518	83.7	227	36	1	5	230	42	268	1.36e-132	380
assemblyΩ1_3451	UniRef100_W0SG66~K04485	43.2	222	123	2	1	222	26	244	2.91e-52	175
assemblyΩ1_7440	UniRef100_A0A0K6BXJ9~K01807	92.3	233	18	0	1	233	1	233	1.53e-154	434
assemblyΩ1_3635	UniRef100_D3ICQ8~K00243	55.1	225	101	0	2	226	3	227	1.26e-91	276
assemblyΩ1_3599	UniRef100_F7YYY4~K00845	43.0	223	123	3	6	225	42	263	4.14e-48	165
assemblyΩ1_2011	UniRef100_T1UBP9~K01156	32.9	237	132	8	1	231	1	216	1.22e-23	100
assemblyΩ2_2472	UniRef100_I0K9P7~K02477	32.0	219	145	4	1	217	1	217	4.61e-20	91.7
assemblyΩ1_5894	UniRef100_I2C0R1~K03040	38.3	222	132	3	1	222	18	234	1.26e-41	147
assemblyΩ1_3450	UniRef100_W0SFK0~K04485	47.0	234	101	4	1	226	1	219	3.69e-61	198
assemblyΩ1_1007	UniRef100_A0A149N8U3~K02003	99.1	230	2	0	1	230	9	238	4.32e-159	445
assemblyΩ1_2349	UniRef100_R6ZBM6~K01091	93.0	229	15	1	1	229	1	228	1.04e-152	429
assemblyΩ1_7707	UniRef100_A0A0K6BX86~K07025	91.7	228	19	0	1	228	1	228	1.19e-144	408
assemblyΩ1_6240	UniRef100_A0A1S3IE04~K12309	34.3	236	141	8	1	224	4	237	1.04e-26	110
assemblyΩ1_1926	UniRef100_D2BQZ4~K03553	35.4	198	124	2	23	219	4	198	1.19e-35	130
assemblyΩ2_159	UniRef100_A0A1S3T735~K00639	36.9	222	139	1	7	227	41	262	8.30e-39	140
assemblyΩ1_4930	UniRef100_C9SN32~K19788	42.0	193	106	3	2	189	20	211	7.64e-37	134
assemblyΩ1_4598	UniRef100_T1XKT4~K18902	42.3	201	104	3	1	201	4	192	1.04e-32	124
assemblyΩ4_292	UniRef100_C3ZI78~K01805	51.3	187	91	0	38	224	2	188	7.59e-61	194
assemblyΩ1_4341	UniRef100_C2S419~K01928	39.6	207	117	5	25	226	15	218	9.57e-30	117
assemblyΩ2_216	UniRef100_A0A015S486~K00554	98.2	225	4	0	1	225	1	225	3.13e-159	445
assemblyΩ1_4690	UniRef100_U5Q600~K01619	56.9	225	97	0	1	225	53	277	6.05e-85	259
assemblyΩ1_4603	UniRef100_Q08WQ1~K00677	35.2	213	135	3	3	213	43	254	2.28e-36	134
assemblyΩ1_3472	UniRef100_U3TW74~K00812	45.7	223	119	2	1	222	1	222	2.14e-59	194
assemblyΩ1_459	UniRef100_A0A0K6BTX3~K01470	91.9	223	18	0	1	223	1	223	5.58e-155	435
assemblyΩ3_409	UniRef100_Q64UC8~K02003	94.6	224	12	0	1	224	3	226	4.02e-146	412
assemblyΩ1_4378	UniRef100_Q1JHQ9~K02470	49.3	201	92	3	27	223	1	195	6.24e-61	195
assemblyΩ1_2994	UniRef100_A0L8R0~K00981	37.0	208	124	5	4	206	26	231	3.62e-25	104
assemblyΩ1_1645	UniRef100_A0A149MY45~K03088	93.0	199	13	1	1	198	5	203	2.60e-125	358
assemblyΩ2_537	UniRef100_E1WPK9~K01142	97.2	218	6	0	1	218	1	218	2.78e-161	451
assemblyΩ3_286	UniRef100_S4ZCE9~K08678	57.1	210	90	0	1	210	4	213	6.65e-87	261
assemblyΩ3_150	UniRef100_Q5LDM3~K03801	85.2	223	29	2	1	221	1	221	1.89e-133	379
assemblyΩ1_7665	UniRef100_A0A149N3R3~K07507	96.4	221	8	0	1	221	2	222	5.97e-144	406
assemblyΩ1_2879	UniRef100_F9YVL1~K17716	68.3	218	66	1	3	220	37	251	5.01e-100	296
assemblyΩ1_1226	UniRef100_A0A0K6BRY6~K02003	98.6	221	3	0	1	221	1	221	4.79e-152	426
assemblyΩ1_1205	UniRef100_A0A1Q2HPQ6~K02584	37.4	203	120	2	23	221	1	200	1.32e-36	133
assemblyΩ4_153	UniRef100_A0A126R287~K00609	51.2	211	100	2	2	212	31	238	1.69e-65	208
assemblyΩ1_3066	UniRef100_A3U9J4~K08316	41.7	180	101	3	1	178	1	178	3.50e-39	139
assemblyΩ3_128	UniRef100_A0A010NN51~K00283	41.2	199	101	4	24	209	1	196	1.19e-36	134
assemblyΩ2_1907	UniRef100_A0A1C0WFR7~K10773	96.3	218	8	0	2	219	8	225	1.07e-153	431
assemblyΩ1_4373	UniRef100_Q5LIK3~K03584	96.3	219	8	0	1	219	24	242	6.63e-152	427
assemblyΩ1_998	UniRef100_A0A1C7GZQ8~K02169	65.7	210	66	3	15	219	45	253	6.96e-92	275
assemblyΩ1_5196	UniRef100_C7M9L1~K00588	45.1	206	113	0	7	212	8	213	5.69e-64	203
assemblyΩ1_2154	UniRef100_A0A0D6H251~K06941	37.3	233	126	2	3	215	45	277	3.01e-45	157
assemblyΩ1_865	UniRef100_A0A1R0HHL5~K01785	30.0	220	142	6	1	217	23	233	6.27e-20	90.9
assemblyΩ1_6241	UniRef100_A8DWA5~K01756	67.6	185	59	1	22	206	2	185	3.62e-81	246
assemblyΩ1_5409	UniRef100_A0A0K6BZY2~K00761	98.6	217	3	0	1	217	1	217	6.83e-150	421
assemblyΩ2_696	UniRef100_F8LYQ0~K03702	61.7	188	71	1	3	190	10	196	4.74e-78	238
assemblyΩ1_7912	UniRef100_D3PCY2~K00721	37.1	205	121	6	2	204	30	228	1.56e-35	131
assemblyΩ1_7721	UniRef100_A0A0E4A1E3~K01448	49.8	217	105	3	1	215	23	237	2.25e-63	202
assemblyΩ1_3960	UniRef100_A0A0E2AT57~K22132	94.8	212	11	0	1	212	31	242	1.36e-143	405
assemblyΩ2_632	UniRef100_Q0T4E9~K03616	30.5	200	95	5	1	191	1	165	6.40e-14	73.6
assemblyΩ1_3845	UniRef100_A0A0N7IF75~K12132	68.5	213	67	0	1	213	1	213	4.72e-100	294
assemblyΩ3_132	UniRef100_Q0S1B7~K01069	36.1	216	124	6	6	210	15	227	7.31e-35	129
assemblyΩ2_590	UniRef100_L0EJI7~K00973	41.2	211	119	2	1	211	1	206	1.47e-46	159
assemblyΩ1_4858	UniRef100_A0A167TY93~K18118	58.6	198	81	1	13	209	4	201	8.18e-79	240
assemblyΩ1_314	UniRef100_A0L4P9~K03218	31.7	202	128	5	15	208	45	244	1.04e-16	82.0
assemblyΩ1_6442	UniRef100_D7I9M6~K09807	100	189	0	0	1	189	1	189	1.16e-128	367
assemblyΩ1_4772	UniRef100_A0A015VCA8~K03424	79.4	209	42	1	1	208	1	209	5.28e-116	334
assemblyΩ1_2325	UniRef100_A0A139LC86~K02003	75.5	192	47	0	13	204	1	192	1.09e-104	306
assemblyΩ1_5300	UniRef100_A0A1Q2HPQ6~K02584	37.9	195	115	3	12	200	3	197	5.55e-28	110
assemblyΩ3_497	UniRef100_D4IL55~K05595	50.3	179	88	1	1	178	24	202	6.68e-54	177
assemblyΩ2_323	UniRef100_Q64TE5~K02231	94.5	200	9	2	3	201	1	199	2.62e-133	377
assemblyΩ2_99	UniRef100_A0A174AA89~K03734	99.5	205	1	0	1	205	1	205	4.70e-151	422
assemblyΩ1_5822	UniRef100_A0A140NLQ8~K02358	67.2	204	67	0	1	204	12	215	6.31e-99	291
assemblyΩ1_3563	UniRef100_A0A0B4X0V3~K01130	31.0	213	120	8	16	202	5	216	1.02e-20	92.0
assemblyΩ3_380	UniRef100_Q6AQH0~K02824	54.4	204	93	0	1	204	27	230	2.33e-71	222
assemblyΩ1_5825	UniRef100_Q5L894~K02863	99.5	204	1	0	1	204	29	232	1.37e-140	397
assemblyΩ1_4457	UniRef100_F8DJ11~K00848	42.8	166	91	2	1	166	1	162	1.68e-36	132
assemblyΩ1_1145	UniRef100_A0A0D2TDN2~K08678	68.7	195	60	1	3	196	31	225	7.84e-97	286
assemblyΩ1_5873	UniRef100_Q5L8C1~K02931	99.5	184	1	0	1	184	1	184	1.28e-120	345
assemblyΩ3_399	UniRef100_Q64UC8~K02003	93.4	198	13	0	1	198	3	200	8.46e-126	359
assemblyΩ2_700	UniRef100_A0A0X8HDK2~K03702	46.1	178	83	2	21	193	1	170	1.47e-32	121
assemblyΩ1_5892	UniRef100_Q5L8D5~K02986	93.5	201	13	0	1	201	1	201	1.27e-128	365
assemblyΩ1_4393	UniRef100_Q64ZN7~K03470	93.5	201	13	0	1	201	1	201	1.10e-138	391
assemblyΩ1_999	UniRef100_A0A174IJ48~K01935	54.3	199	86	2	1	198	5	199	2.95e-62	198
assemblyΩ1_937	UniRef100_K0IH16~K00520	32.7	168	103	5	2	165	7	168	1.17e-16	80.5
assemblyΩ2_240	UniRef100_A0A1Y0RIN8~K03696	46.5	187	94	2	4	186	27	211	2.54e-51	171
assemblyΩ1_7795	UniRef100_A5D1E6~K00059	36.0	178	110	2	18	195	42	215	1.94e-26	106
assemblyΩ1_6061	UniRef100_B2RKE4~K02066	54.4	195	89	0	2	196	15	209	1.45e-60	194
assemblyΩ1_2422	UniRef100_G4LUQ5~K02564	58.2	170	71	0	23	192	4	173	2.61e-65	204
assemblyΩ1_936	UniRef100_A0A0D2IXU8~K00382	38.7	186	107	2	1	179	11	196	2.25e-33	124
assemblyΩ1_1227	UniRef100_A0A0K6BRY6~K02003	97.5	198	5	0	1	198	24	221	3.17e-135	383
assemblyΩ2_329	UniRef100_A0A139T5W5~K02226	86.7	181	24	0	1	181	1	181	1.55e-114	329
assemblyΩ1_6727	UniRef100_A0A0K2REE1~K02316	31.5	162	107	3	9	168	4	163	1.43e-19	87.4
assemblyΩ1_4501	UniRef100_L7FPC8~K05658	55.1	187	83	1	9	194	2	188	1.55e-63	200
assemblyΩ2_532	UniRef100_G0H9Z3~K03596	45.2	177	95	1	19	193	1	177	1.39e-46	157
assemblyΩ1_6673	UniRef100_Q5L912~K03474	89.4	199	10	2	1	189	25	222	4.24e-120	345
assemblyΩ1_7724	UniRef100_F8ID37~K01740	44.9	176	97	0	17	192	1	176	1.61e-47	159
assemblyΩ2_1941	UniRef100_Q5LAQ8~K06287	90.7	193	18	0	1	193	1	193	2.13e-123	352
assemblyΩ2_1018	UniRef100_A0A0K6BVD8~K02039	95.8	192	8	0	1	192	19	210	1.26e-121	348
assemblyΩ1_7373	UniRef100_Q8A672~K02548	69.2	185	57	0	1	185	1	185	4.90e-84	252
assemblyΩ1_5725	UniRef100_A0A1C0W670~K09702	92.7	192	14	0	1	192	25	216	6.95e-134	379
assemblyΩ2_2427	UniRef100_A5DSZ4~K00030	37.4	171	103	4	20	186	2	172	4.88e-25	102
assemblyΩ2_756	UniRef100_A0A0A6ZZH8~K00266	38.2	165	96	4	7	167	8	170	8.37e-29	112
assemblyΩ2_200	UniRef100_A0A1M2S831~K18146	43.9	171	95	1	19	189	15	184	3.60e-37	133
assemblyΩ1_4401	UniRef100_A0A1G1TSK7~K03088	95.0	180	9	0	1	180	1	180	5.23e-118	337
assemblyΩ1_3423	UniRef100_A0A017PAT6~K03811	92.6	190	14	0	1	190	1	190	7.95e-113	325
assemblyΩ1_250	UniRef100_I7B6M2~K03778	39.6	197	105	3	6	188	35	231	2.35e-32	122
assemblyΩ1_6070	UniRef100_E4MC90~K01358	72.1	179	49	1	1	179	1	178	7.79e-83	250
assemblyΩ1_5876	UniRef100_Q5L8C4~K02933	97.4	189	5	0	1	189	1	189	2.53e-129	366
assemblyΩ1_3968	UniRef100_A0A076HGB2~K00133	51.1	184	86	3	3	184	45	226	6.31e-51	169
assemblyΩ1_3424	UniRef100_I4D9T2~K00949	31.2	189	113	8	8	182	4	189	2.86e-12	68.9
assemblyΩ1_3034	UniRef100_A0A0K6BQC5~K03088	95.6	182	8	0	1	182	1	182	4.42e-122	348
assemblyΩ1_2318	UniRef100_A0A149NDI6~K08999	95.8	189	8	0	1	189	1	189	5.50e-124	353
assemblyΩ1_2077	UniRef100_Q5LGH0~K00939	97.9	189	4	0	1	189	1	189	6.22e-130	368
assemblyΩ1_837	UniRef100_A0A1B1NED3~K00955	67.9	162	50	1	18	179	10	169	6.42e-70	216
assemblyΩ1_3847	UniRef100_A0A174HED3~K02356	99.5	188	1	0	1	188	1	188	2.09e-132	374
assemblyΩ1_2854	UniRef100_C3ZWF2~K05349	44.6	184	91	5	3	177	2	183	9.18e-44	150
assemblyΩ1_1805	UniRef100_A0A081ULI6~K03386	100	173	0	0	1	173	1	173	2.42e-124	353
assemblyΩ1_594	UniRef100_E1WUB8~K03088	91.4	187	16	0	1	187	1	187	3.42e-117	335
assemblyΩ3_462	UniRef100_Q5LD83~K02113	97.3	186	5	0	1	186	1	186	7.88e-127	360
assemblyΩ2_2097	UniRef100_A0A016CM25~K07240	93.4	167	11	0	1	167	1	167	1.75e-104	303
assemblyΩ2_892	UniRef100_A4CKH2~K01625	47.2	176	93	0	7	182	34	209	9.11e-57	183
assemblyΩ1_6931	UniRef100_A0A0K6BY49~K03088	64.6	189	56	4	1	184	1	183	5.81e-64	201
assemblyΩ1_5544	UniRef100_A0A0X8CR03~K07667	30.0	200	110	6	4	176	32	228	1.26e-11	67.4
assemblyΩ1_3670	UniRef100_Q5LI12~K00762	98.8	170	2	0	1	170	12	181	6.78e-118	338
assemblyΩ1_3278	UniRef100_A0A1S3J1B6~K01205	42.0	181	91	4	2	169	19	198	3.78e-48	161
assemblyΩ1_1612	UniRef100_A0A0K6BRV4~K03088	93.3	163	11	0	4	166	13	175	3.69e-106	307
assemblyΩ2_453	UniRef100_B3GX75~K03149	68.7	150	45	1	34	183	1	148	2.13e-65	203
assemblyΩ2_377	UniRef100_B5EC82~K06042	45.8	177	90	2	4	176	38	212	1.95e-37	134
assemblyΩ1_5717	UniRef100_A0A016CD33~K00567	77.3	172	39	0	1	172	1	172	3.88e-94	276
assemblyΩ1_3204	UniRef100_A0A089LXV2~K17103	35.4	175	97	4	7	181	4	162	5.45e-23	96.3
assemblyΩ1_289	UniRef100_A0A0D5BNA5~K02004	51.1	178	85	1	1	176	1	178	1.98e-49	165
assemblyΩ1_7087	UniRef100_A4G5F0~K01442	55.7	183	78	2	1	180	38	220	3.01e-69	215
assemblyΩ1_5862	UniRef100_M4RU89~K02886	54.6	183	81	2	1	182	43	224	1.86e-63	201
assemblyΩ1_5782	UniRef100_A5DCF7~K01679	45.6	149	81	0	27	175	22	170	5.55e-36	129
assemblyΩ1_4574	UniRef100_B1HN97~K21064	32.5	169	98	3	9	165	28	192	2.39e-16	79.3
assemblyΩ1_799	UniRef100_Q5LEQ9~K01462	98.4	184	3	0	1	184	1	184	9.62e-127	359
assemblyΩ3_97	UniRef100_A0A0K6BTG9~K00350	99.4	181	1	0	1	181	1	181	1.22e-102	299
assemblyΩ1_2645	UniRef100_A0A0K6BQC9~K03744	98.4	182	3	0	1	182	12	193	2.76e-123	351
assemblyΩ1_3959	UniRef100_Q64Z80~K09810	92.8	181	13	0	1	181	1	181	8.66e-116	333
assemblyΩ2_1496	UniRef100_A0A0U5M815~K02006	30.8	182	108	7	1	173	7	179	6.17e-13	70.5
assemblyΩ2_2435	UniRef100_A0A0K2RRQ1~K01703	46.1	178	95	1	2	178	12	189	4.55e-48	160
assemblyΩ2_920	UniRef100_K0EW14~K07669	36.5	181	93	3	4	166	1	177	1.96e-27	108
assemblyΩ2_465	UniRef100_D9RVK2~K00788	36.9	160	100	1	1	159	20	179	3.71e-31	117
assemblyΩ1_6453	UniRef100_A0A172Y1Z1~K03169	51.7	145	70	0	1	145	1	145	1.45e-48	161
assemblyΩ2_792	UniRef100_E1Z9N5~K13950	36.7	158	87	2	1	145	1	158	1.79e-19	86.7
assemblyΩ1_4049	UniRef100_A0A1L3GSW7~K15876	34.0	162	98	3	13	167	4	163	7.25e-25	100
assemblyΩ2_739	UniRef100_A0A1U7D6I6~K01956	43.9	180	97	2	1	176	33	212	5.13e-43	148
assemblyΩ2_350	UniRef100_A0A1D9FQ29~K00798	37.0	162	88	3	10	171	12	159	2.00e-22	94.4
assemblyΩ1_4701	UniRef100_A0A1U7RPY0~K16618	33.1	166	107	2	2	163	13	178	1.07e-20	90.5
assemblyΩ1_1184	UniRef100_A0A1X9U1L8~K03427	53.6	166	70	2	1	166	1	159	4.03e-54	175
assemblyΩ3_481	UniRef100_A0A126P8Q4~K15726	57.7	163	68	1	11	172	2	164	1.76e-63	199
assemblyΩ2_1234	UniRef100_B2UR21~K03218	38.9	162	99	0	13	174	32	193	3.57e-33	122
assemblyΩ2_452	UniRef100_E1WP98~K00788	79.1	172	35	1	1	172	1	171	5.51e-87	259
assemblyΩ1_6906	UniRef100_A0A0U4W156~K01823	34.0	153	95	5	8	156	21	171	2.95e-15	75.9
assemblyΩ1_1098	UniRef100_G2RQG0~K03111	32.3	167	104	3	1	162	3	165	2.10e-19	86.3
assemblyΩ1_899	UniRef100_A0A0K6BSA1~K03088	90.8	174	15	1	1	174	1	173	7.59e-103	298
assemblyΩ1_878	UniRef100_A0A1D8S086~K00615	39.2	158	94	2	18	173	1	158	5.42e-27	105
assemblyΩ1_349	UniRef100_A0A0D6BNH4~K00067	37.8	156	86	7	7	155	32	183	2.00e-17	81.6
assemblyΩ2_330	UniRef100_U6EVR0~K02227	43.6	163	87	2	11	168	2	164	2.11e-37	132
assemblyΩ1_4972	UniRef100_A0A139TGH5~K09924	93.1	160	11	0	1	160	26	185	2.01e-99	290
assemblyΩ1_3471	UniRef100_L0H8Z6~K00812	39.0	159	84	3	8	166	8	153	8.84e-25	99.8
assemblyΩ2_1418	UniRef100_A0A0X8Q2S5~K18138	50.0	148	73	1	3	149	14	161	1.40e-37	132
assemblyΩ1_7297	UniRef100_A0A1D9P319~K00945	42.6	176	95	1	1	170	44	219	4.54e-36	130
assemblyΩ3_428	UniRef100_J0WTI4~K00606	39.0	172	101	2	2	170	11	181	9.29e-33	121
assemblyΩ2_839	UniRef100_D6E8B2~K06147	53.8	158	73	0	1	158	1	158	7.16e-52	169
assemblyΩ2_59	UniRef100_A0A1G1U785~K01734	99.4	168	0	1	1	168	1	167	1.16e-120	343
assemblyΩ2_823	UniRef100_A0A139T4T8~K03839	95.9	170	6	1	1	170	43	211	5.06e-120	343
assemblyΩ1_2766	UniRef100_A0A0K6BRH0~K00339	97.6	170	4	0	1	170	1	170	2.12e-105	304
assemblyΩ1_4787	UniRef100_F7XVY7~K07568	41.6	161	93	1	3	163	33	192	5.24e-38	134
assemblyΩ1_4319	UniRef100_A0A141RAP8~K03088	97.6	168	4	0	1	168	1	168	3.71e-114	326
assemblyΩ1_3653	UniRef100_A0A0D2MJS4~K00827	33.3	174	98	5	2	157	17	190	3.50e-20	89.0
assemblyΩ1_2760	UniRef100_Q5LH49~K00331	99.4	157	1	0	1	157	26	182	1.40e-113	326
assemblyΩ1_4435	UniRef100_A0A0K6BNS2~K03558	93.4	167	11	0	1	167	1	167	1.79e-56	180
assemblyΩ2_1738	UniRef100_A0A1C3S9L3~K19425	40.4	146	78	1	4	149	5	141	2.07e-30	113
assemblyΩ2_293	UniRef100_S5C3C0~K03110&K03646	50.9	165	77	1	5	165	9	173	4.13e-48	160
assemblyΩ2_75	UniRef100_A0A1D9F8F6~K21071	35.5	155	81	3	21	157	1	154	5.39e-22	92.8
assemblyΩ1_5866	UniRef100_W5Z248~K02982	56.6	159	69	0	1	159	1	159	4.16e-56	180
assemblyΩ1_2400	UniRef100_A0A1G4G6V3~K03088	49.7	151	74	2	1	149	20	170	2.07e-41	142
assemblyΩ3_177	UniRef100_A0A1V0QEL2~K02003	42.8	152	83	2	15	165	8	156	4.42e-31	116
assemblyΩ1_7581	UniRef100_A0A139T444~K03088	92.5	160	10	2	1	160	19	176	2.71e-95	279
assemblyΩ2_2480	UniRef100_F8GQ12~K18902	39.3	163	99	0	2	164	22	184	8.80e-31	115
assemblyΩ1_1264	UniRef100_S5MT01~K21741	47.1	153	77	2	3	155	2	150	8.93e-35	125
assemblyΩ3_461	UniRef100_Q5LD84~K02109	95.7	163	7	0	1	163	3	165	1.03e-77	234
assemblyΩ2_1963	UniRef100_Q1J6I0~K01572	47.9	142	72	1	20	161	1	140	9.23e-38	132
assemblyΩ1_2294	UniRef100_J3MDP5~K00384	45.4	152	83	0	9	160	2	153	6.81e-34	122
assemblyΩ1_3954	UniRef100_D4L8Y5~K03308	31.8	154	103	2	2	153	13	166	2.33e-27	106
assemblyΩ3_18	UniRef100_A0A142EJF7~K00661	45.9	159	81	2	1	159	1	154	5.50e-39	136
assemblyΩ1_7221	UniRef100_A0A060R6I2~K20968	36.6	134	84	1	18	151	14	146	2.18e-25	100
assemblyΩ1_6905	UniRef100_A0A0K6BYW8~K00432	89.8	157	16	0	1	157	17	173	1.91e-103	299
assemblyΩ1_5796	UniRef100_A0A0K6BZ57~K01104	91.3	160	11	2	1	160	1	157	5.00e-103	297
assemblyΩ1_3511	UniRef100_D1JUC8~K03088	40.0	145	85	1	17	159	34	178	1.34e-28	109
assemblyΩ1_7320	UniRef100_A0A0K6BYC4~K03718	99.4	158	1	0	1	158	1	158	9.68e-112	319
assemblyΩ2_2134	UniRef100_U3TRK1~K05847	41.2	148	81	2	2	147	14	157	2.48e-25	101
assemblyΩ1_1618	UniRef100_Q9FDN5~K04047	96.2	157	6	0	1	157	1	157	2.89e-108	310
assemblyΩ4_118	UniRef100_A0A142YBA8~K13979	60.4	134	52	1	11	143	22	155	7.93e-49	160
assemblyΩ2_790	UniRef100_Q56YC7~K01696	51.5	130	61	1	26	153	5	134	1.06e-39	136
assemblyΩ1_5823	UniRef100_A0A0I9TYY2~K02601	99.3	152	1	0	5	156	29	180	8.05e-104	300
assemblyΩ1_4864	UniRef100_D0P1F6~K00382	39.2	153	91	2	4	155	23	174	2.44e-26	103
assemblyΩ1_4534	UniRef100_A0A1S3ZPF0~K09458	47.6	147	73	3	8	154	1	143	7.10e-36	127
assemblyΩ1_1723	UniRef100_A0A139L402~K03711	64.4	135	44	2	2	136	3	133	9.49e-55	174
assemblyΩ1_2078	UniRef100_Q9XDI7~K00760	96.8	155	5	0	1	155	24	178	1.25e-104	302
assemblyΩ2_2383	UniRef100_A0A0K6BWU1~K03711	98.7	153	2	0	1	153	1	153	6.13e-108	310
assemblyΩ2_620	UniRef100_B6WV83~K03617	54.6	163	65	1	1	154	1	163	9.53e-46	153
assemblyΩ2_122	UniRef100_A0A0X8X3E4~K02004	31.0	155	103	1	4	154	20	174	3.97e-18	82.4
assemblyΩ1_7316	UniRef100_D5EU03~K03559	45.9	148	71	2	3	150	7	145	2.24e-35	125
assemblyΩ1_5709	UniRef100_A0A016C9R2~K03624	99.4	154	1	0	1	154	1	154	1.81e-96	280
assemblyΩ1_5088	UniRef100_A0A0E2AJD5~K03718	99.4	154	1	0	1	154	8	161	9.83e-107	306
assemblyΩ1_4618	UniRef100_A0A060RE31~K03100	30.8	146	92	3	14	154	30	171	1.09e-20	89.0
assemblyΩ1_2495	UniRef100_A0A174GRN5~K00794	90.9	154	14	0	1	154	1	154	1.37e-100	291
assemblyΩ2_2447	UniRef100_A0A015VYR3~K03594	99.3	153	1	0	1	153	18	170	1.29e-106	306
assemblyΩ1_6235	UniRef100_A0A139K1T8~K00661	88.7	150	17	0	1	150	34	183	1.37e-88	261
assemblyΩ1_787	UniRef100_A0A0U2KYG0~K01868	54.0	126	58	0	21	146	1	126	3.82e-43	145
assemblyΩ2_588	UniRef100_A0A0K6BXH7~K01790	79.3	145	30	0	1	145	1	145	1.04e-84	251
assemblyΩ1_5768	UniRef100_A0A1B1FWZ0~K00798	39.2	153	81	3	9	150	6	157	2.25e-22	93.6
assemblyΩ1_3608	UniRef100_A4VTP4~K02004	37.0	146	90	1	6	151	33	176	1.58e-20	88.6
assemblyΩ1_2436	UniRef100_W2TPV2~K08656	36.4	140	86	1	13	149	5	144	5.73e-30	112
assemblyΩ3_490	UniRef100_G7UUE7~K02658	34.6	130	84	1	1	129	1	130	1.91e-17	79.3
assemblyΩ1_2401	UniRef100_F8ID37~K01740	39.3	150	90	1	1	149	28	177	6.38e-27	105
assemblyΩ1_1350	UniRef100_A0A109QEC2~K00275	42.0	150	86	1	1	150	18	166	2.09e-30	113
assemblyΩ1_4436	UniRef100_G4NV92~K02519	51.1	141	69	0	8	148	31	171	1.52e-46	154
assemblyΩ1_3946	UniRef100_A0A0H3NML8~K01580	44.8	134	73	1	16	148	18	151	4.55e-29	109
assemblyΩ2_463	UniRef100_A0A0D5L5F0~K21029	52.7	131	62	0	1	131	26	156	1.56e-38	134
assemblyΩ1_4538	UniRef100_U3K771~K00850	32.1	162	79	3	5	142	20	174	1.65e-18	83.6
assemblyΩ1_3663	UniRef100_I3UAI2~K00865	35.9	128	81	1	1	127	1	128	9.22e-19	83.2
assemblyΩ1_2427	UniRef100_A0A0T8QV61~K07139	42.9	140	79	1	3	141	24	163	5.51e-36	127
assemblyΩ3_105	UniRef100_K4KR98~K05591	34.1	129	82	2	22	147	1	129	3.68e-13	68.9
assemblyΩ1_5826	UniRef100_A0A139SZP2~K02864	98.6	146	2	0	1	146	25	170	1.52e-94	276
assemblyΩ1_1319	UniRef100_Q64WA9~K09457	97.8	135	3	0	1	135	1	135	1.18e-96	280
assemblyΩ1_602	UniRef100_R4M2B3~K03686	37.9	132	78	2	1	129	20	150	2.45e-20	87.4
assemblyΩ2_2381	UniRef100_A0A0K1Q9V6~K01939	44.6	139	77	0	1	139	17	155	3.84e-34	122
assemblyΩ1_5824	UniRef100_Q5L893~K02867	99.3	141	1	0	1	141	1	141	1.06e-93	273
assemblyΩ1_1978	UniRef100_A0A0K2RF91~K01689	65.5	142	49	0	3	144	4	145	1.34e-52	169
assemblyΩ2_273	UniRef100_A0A060R5T6~K07114	41.3	121	71	0	7	127	12	132	3.14e-25	99.4
assemblyΩ1_478	UniRef100_F9D205~K06959	62.3	138	52	0	1	138	1	138	7.02e-51	165
assemblyΩ1_330	UniRef100_G4M238~K00033	50.4	139	62	2	3	141	14	145	6.57e-37	129
assemblyΩ1_5895	UniRef100_Q5L8D7~K02879	97.9	142	3	0	1	142	20	161	6.61e-86	253
assemblyΩ3_103	UniRef100_R1FFW8~K12823	34.1	129	71	4	15	130	8	135	3.14e-11	63.2
assemblyΩ1_1154	UniRef100_G0EJ68~K01790	57.1	133	56	1	4	136	6	137	1.27e-49	161
assemblyΩ1_1008	UniRef100_X5DYZ8~K02004	34.3	134	88	0	8	141	13	146	6.67e-16	75.5
assemblyΩ2_1606	UniRef100_D1JT17~K03711	92.1	140	10	1	1	140	1	139	8.03e-93	270
assemblyΩ1_2652	UniRef100_W2TBM5~K02835	40.1	137	73	3	1	137	10	137	5.32e-29	108
assemblyΩ1_161	UniRef100_W0DA78~K00525	56.4	133	55	3	10	140	1	132	3.36e-42	142
assemblyΩ3_390	UniRef100_I4BUI0~K03413	31.2	125	80	2	1	124	1	120	2.18e-10	60.5
assemblyΩ2_709	UniRef100_A0A0S2HZC9~K11443	40.0	120	69	3	18	135	8	126	7.98e-22	90.1
assemblyΩ1_7013	UniRef100_A1ANI7~K06950	46.3	136	71	2	4	138	26	160	2.86e-35	125
assemblyΩ1_5190	UniRef100_A0A015PCP6~K03786	96.4	139	5	0	1	139	1	139	1.10e-92	270
assemblyΩ1_4330	UniRef100_Q8A250~K03925	74.2	128	33	0	1	128	8	135	3.69e-65	201
assemblyΩ1_1023	UniRef100_R4YA61~K07709	38.0	142	82	4	1	139	24	162	8.52e-22	91.3
assemblyΩ3_463	UniRef100_G7JUY1~K02111	46.3	123	66	0	5	127	4	126	8.47e-28	105
assemblyΩ1_3206	UniRef100_F2ICT8~K11991	58.0	131	44	2	12	131	6	136	1.54e-43	145
assemblyΩ2_2428	UniRef100_D4MT56~K00052	40.3	129	74	1	1	126	1	129	1.48e-25	99.8
assemblyΩ2_937	UniRef100_A0A238U5Z1~K02959	54.9	133	55	1	1	128	1	133	1.87e-40	138
assemblyΩ1_6185	UniRef100_A0A1S6HR23~K01867	44.6	121	58	1	1	121	1	112	6.77e-27	102
assemblyΩ1_4666	UniRef100_F5YG80~K07042	34.4	131	77	3	3	125	4	133	4.86e-15	73.2
assemblyΩ1_1455	UniRef100_A0A0D6BBT5~K01740	48.5	132	68	0	3	134	1	132	1.10e-39	135
assemblyΩ1_4478	UniRef100_A0A1G4G9G3~K03088	43.4	136	74	2	1	133	1	136	7.98e-32	116
assemblyΩ1_916	UniRef100_A0A1Y0HQV2~K03839	42.6	122	70	0	9	130	8	129	1.97e-33	119
assemblyΩ2_633	UniRef100_A0A0K6BVN2~K03803	92.4	131	10	0	1	131	1	131	3.73e-78	233
assemblyΩ1_7321	UniRef100_Q8A638~K00287	84.2	133	21	0	1	133	1	133	1.42e-76	229
assemblyΩ1_1318	UniRef100_Q5LFI4~K00783	99.2	129	1	0	1	129	1	129	1.56e-85	252
assemblyΩ1_7285	UniRef100_A0A1S3YGD9~K09591	41.3	109	60	3	21	126	18	125	8.62e-22	89.7
assemblyΩ2_1348	UniRef100_A0A076J9B1~K03741	37.7	130	81	0	1	130	28	157	9.13e-30	110
assemblyΩ1_7773	UniRef100_H6Q4D2~K02160	32.4	136	70	8	10	130	23	151	1.08e-06	51.2
assemblyΩ1_5636	UniRef100_A0A127ETW4~K11443	42.9	112	61	2	16	124	4	115	2.43e-22	90.9
assemblyΩ1_1302	UniRef100_A0A0B7LE71~K00259	48.5	132	64	2	1	129	1	131	7.73e-33	118
assemblyΩ1_6250	UniRef100_Q5L8W6~K02996	99.2	128	1	0	1	128	1	128	1.61e-82	243
assemblyΩ1_2759	UniRef100_A0A109RP81~K00330	47.7	111	58	0	6	116	6	116	8.10e-27	102
assemblyΩ1_2479	UniRef100_A0A0K6BQG7~K01493	98.4	128	2	0	1	128	18	145	7.88e-89	259
assemblyΩ1_1325	UniRef100_W8EW33~K03088	39.5	129	77	1	1	128	19	147	2.37e-25	99.4
assemblyΩ2_2280	UniRef100_M4RJL5~K07678	32.5	123	79	2	1	119	1	123	1.87e-14	70.9
assemblyΩ2_702	UniRef100_L7YAN9~K03748	47.5	120	61	1	1	120	30	147	7.09e-29	108
assemblyΩ1_6261	UniRef100_D3ID64~K01770	69.8	126	38	0	1	126	32	157	9.14e-63	194
assemblyΩ1_5855	UniRef100_P94799~K02906	50.4	117	57	1	10	126	1	116	4.18e-30	110
assemblyΩ1_6440	UniRef100_A0A139KQY0~K03282	100	126	0	0	1	126	15	140	3.02e-80	238
assemblyΩ1_6249	UniRef100_A0A142HP28~K02871	66.1	118	38	1	1	118	1	116	6.65e-53	169
assemblyΩ1_5598	UniRef100_Q64N36~K02437	95.2	125	6	0	1	125	1	125	8.36e-84	246
assemblyΩ1_2141	UniRef100_A0A0K6BQT0~K03075	99.2	126	1	0	1	126	1	126	2.76e-64	197
assemblyΩ1_2482	UniRef100_E1WLZ4~K01934	90.4	125	12	0	1	125	27	151	8.46e-80	237
assemblyΩ1_4937	UniRef100_A0A0D2M0L3~K01738	56.6	122	50	2	4	124	3	122	2.12e-38	131
assemblyΩ2_1639	UniRef100_A0A068N5X2~K00817	39.8	118	65	3	2	114	12	128	1.97e-19	83.6
assemblyΩ2_809	UniRef100_A0A0D3LNS9~K03413	37.7	122	75	1	1	122	1	121	1.03e-23	94.4
assemblyΩ2_1016	UniRef100_A0A1U8H702~K00793	39.6	106	46	6	13	117	1	89	4.06e-08	53.5
assemblyΩ1_2350	UniRef100_A0A139L6K1~K02888	90.9	121	11	0	1	121	1	121	2.01e-75	224
assemblyΩ2_1343	UniRef100_Q64RQ9~K03574	92.5	106	8	0	1	106	1	106	8.96e-67	203
assemblyΩ1_4460	UniRef100_A0A0S2ZLE1~K00048	62.9	116	43	0	4	119	3	118	1.42e-40	136
assemblyΩ1_838	UniRef100_F0LSD1~K00957	61.2	103	40	0	18	120	2	104	6.64e-36	124
assemblyΩ2_2404	UniRef100_A0A0P9I765~K01738	52.8	108	49	1	3	110	2	107	5.55e-36	124
assemblyΩ2_515	UniRef100_I3U7G8~K01265	51.4	105	50	1	14	118	1	104	1.95e-30	110
assemblyΩ1_3602	UniRef100_D4JRF5~K02003	44.3	97	54	0	2	98	18	114	8.25e-23	91.7
assemblyΩ3_474	UniRef100_W0NZA5~K03671	39.5	114	58	1	2	115	3	105	5.57e-23	91.7
assemblyΩ1_7648	UniRef100_F0LW60~K03310	41.4	111	61	3	8	116	15	123	9.17e-19	81.6
assemblyΩ1_4950	UniRef100_L7WI69~K03088	39.0	100	57	2	11	107	1	99	2.54e-12	64.3
assemblyΩ1_856	UniRef100_R1BZ72~K03257	40.6	106	63	0	11	116	1	106	6.76e-21	87.0
assemblyΩ2_2323	UniRef100_H6LH92~K04077	71.9	96	27	0	1	96	22	117	7.26e-40	134
assemblyΩ2_720	UniRef100_D4MP42~K01990	38.1	113	70	0	1	113	1	113	1.45e-21	89.0
assemblyΩ1_1305	UniRef100_A0A0K2RKW6~K00259	58.7	104	43	0	5	108	1	104	3.01e-38	130
assemblyΩ1_3796	UniRef100_A1CYM7~K11778	33.3	99	59	4	7	103	1	94	6.42e-07	50.1
assemblyΩ1_2366	UniRef100_A0A1C7GVP5~K01579	97.2	109	3	0	1	109	1	109	1.05e-70	212
assemblyΩ2_1096	UniRef100_M4RKN4~K00012	40.0	95	55	1	22	114	4	98	1.03e-17	78.2
assemblyΩ1_3712	UniRef100_W6RWS4~K02483	32.7	107	71	1	6	112	3	108	9.26e-08	52.8
assemblyΩ1_7712	UniRef100_A0A0A8F0R3~K18234	52.9	102	45	1	15	113	20	121	1.90e-28	105
assemblyΩ1_7886	UniRef100_A0A101DE91~K03413	38.8	103	62	1	9	111	16	117	6.60e-22	89.0
assemblyΩ1_2317	UniRef100_A0A0H3NYT7~K11537	50.5	109	49	2	1	109	23	126	1.61e-27	103
assemblyΩ2_667	UniRef100_A0A0K6BVN8~K10947	95.5	111	5	0	1	111	1	111	6.26e-72	215
assemblyΩ1_1210	UniRef100_I3UFD1~K07646	30.3	109	72	2	3	107	15	123	6.83e-10	58.5
assemblyΩ1_7609	UniRef100_A0A0K6BY12~K01737	96.4	110	4	0	1	110	1	110	7.34e-75	222
assemblyΩ1_2345	UniRef100_S5MG10~K01990	33.6	107	65	3	1	105	4	106	8.38e-10	57.8
assemblyΩ2_1331	UniRef100_A0A139TDC5~K06996	97.2	108	3	0	1	108	1	108	2.78e-72	216
assemblyΩ2_843	UniRef100_A0A0F8YAF8~K06147	48.4	91	47	0	9	99	1	91	7.32e-22	88.6
assemblyΩ1_5827	UniRef100_Q5L896~K02935	99.0	100	1	0	1	100	1	100	3.05e-47	153
assemblyΩ1_5652	UniRef100_V9VVZ9~K02426	36.8	114	60	2	8	109	7	120	7.35e-16	73.9
assemblyΩ1_2053	UniRef100_Q8YKN9~K02346	64.9	97	33	1	4	99	6	102	1.44e-37	128
assemblyΩ1_1053	UniRef100_R5DTB0~K07658	31.4	105	67	2	5	108	3	103	4.28e-08	53.5
assemblyΩ2_1314	UniRef100_W2E8X8~K02041	32.6	89	59	1	9	96	2	90	5.21e-10	58.2
assemblyΩ1_7631	UniRef100_A0A0K6BXA6~K00537	93.1	102	7	0	7	108	16	117	1.16e-63	194
assemblyΩ1_1113	UniRef100_A0A1C7H0K0~K07154	69.1	97	30	0	1	97	1	97	2.43e-45	147
assemblyΩ3_522	UniRef100_R5DTB0~K07658	38.8	98	58	1	1	96	7	104	3.28e-16	74.3
assemblyΩ1_7028	UniRef100_A0A060R891~K00057	55.0	109	47	1	1	107	19	127	1.52e-33	118
assemblyΩ1_4773	UniRef100_A0A0K6BNK6~K03536	93.5	107	7	0	1	107	20	126	6.77e-60	185
assemblyΩ1_5331	UniRef100_A0A172Y1X1~K03169	39.8	93	54	1	9	99	19	111	3.56e-17	76.6
assemblyΩ1_1356	UniRef100_A0A139LGS1~K01759	89.0	100	11	0	6	105	26	125	1.01e-65	199
assemblyΩ1_5197	UniRef100_A0A0K6C0Q3~K02834	95.8	95	4	0	1	95	1	95	3.45e-56	175
assemblyΩ4_358	UniRef100_A0A0H2YFY0~K01812	56.8	95	38	2	1	95	5	96	9.66e-36	123
assemblyΩ2_2457	UniRef100_B7QMP3~K03783	37.9	95	57	1	11	103	5	99	3.02e-15	71.2
assemblyΩ2_1148	UniRef100_A0A0K6BWK2~K01573	88.2	85	10	0	20	104	1	85	7.46e-39	130
assemblyΩ1_3196	UniRef100_A0A0K6BPT6~K03671	94.2	104	6	0	1	104	1	104	5.12e-70	209
assemblyΩ2_2263	UniRef100_W8I4T6~K03522	55.3	94	42	0	1	94	1	94	4.10e-29	106
assemblyΩ1_4117	UniRef100_R4YAW0~K05349	51.5	97	46	1	5	101	1	96	3.13e-28	103
assemblyΩ1_2767	UniRef100_A0A0K6BQ87~K00340	100	102	0	0	1	102	2	103	1.17e-63	193
assemblyΩ1_1953	UniRef100_A0A081TVE3~K03210	100	95	0	0	1	95	1	95	1.87e-61	188
assemblyΩ2_1211	UniRef100_Q64S16~K04749	92.0	100	8	0	1	100	1	100	4.82e-60	184
assemblyΩ2_584	UniRef100_D7LV62~K00966	32.6	92	60	1	1	90	1	92	4.85e-08	52.8
assemblyΩ1_7031	UniRef100_A0A1S3E1V1~K04567	60.2	83	33	0	6	88	9	91	9.61e-31	110
assemblyΩ1_5853	UniRef100_Q5L8A8~K02946	100	101	0	0	1	101	1	101	1.49e-63	193
assemblyΩ1_7519	UniRef100_A0A140NMH2~K00262	58.0	100	41	1	1	100	1	99	1.38e-31	112
assemblyΩ1_5874	UniRef100_Q5L8C2~K02954	99.0	99	1	0	1	99	1	99	8.75e-62	188
assemblyΩ1_5094	UniRef100_A9B622~K01802	47.9	96	47	2	5	97	16	111	1.66e-20	84.7
assemblyΩ1_225	UniRef100_L7VQH7~K03744	40.5	84	50	0	3	86	8	91	1.99e-14	68.9
assemblyΩ1_5818	UniRef100_A0A081TQY9~K05808	100	95	0	0	1	95	1	95	3.85e-58	179
assemblyΩ1_5024	UniRef100_A6VK76~K07301	47.9	94	49	0	3	96	6	99	5.12e-16	73.2
assemblyΩ2_1316	UniRef100_A0A1B1FTF2~K11755	53.9	89	41	0	2	90	5	93	6.44e-26	97.8
assemblyΩ1_5877	UniRef100_Q5L8C5~K02881	96.9	97	2	1	1	97	19	114	4.87e-57	177
assemblyΩ1_5177	UniRef100_A0A0D6AM62~K07391	52.2	90	42	1	3	92	19	107	2.85e-20	84.0
assemblyΩ1_3779	UniRef100_A0A0N7IEI9~K01185	71.1	97	28	0	1	97	1	97	5.08e-42	138
assemblyΩ1_482	UniRef100_F9D206~K06959	67.9	84	27	0	10	93	14	97	1.24e-33	117
assemblyΩ1_5880	UniRef100_A0A060RC76~K02876	59.6	94	37	1	1	94	1	93	3.39e-27	100
assemblyΩ1_3221	UniRef100_Q4BWQ1~K09903	54.0	87	40	0	4	90	3	89	2.37e-25	96.7
assemblyΩ1_3203	UniRef100_R4M9Z5~K01613	48.9	92	47	0	3	94	11	102	2.60e-21	86.3
assemblyΩ1_583	UniRef100_B0KCP3~K07052	40.5	79	45	2	15	93	2	78	2.86e-15	70.5
assemblyΩ1_7420	UniRef100_W6AKI0~K21636	63.8	80	29	0	12	91	5	84	1.10e-31	112
assemblyΩ1_7584	UniRef100_A0A140NMH2~K00262	58.2	91	37	1	1	91	10	99	3.23e-30	108
assemblyΩ1_1105	UniRef100_A0A081U0Z3~K03530	100	91	0	0	1	91	1	91	3.74e-57	176
assemblyΩ1_782	UniRef100_A0A1P9WVR3~K02887	72.7	88	24	0	2	89	10	97	7.38e-38	127
assemblyΩ1_6691	UniRef100_A0A1G4G9Z6~K03655	56.2	89	39	0	1	89	18	106	7.09e-26	97.8
assemblyΩ1_5860	UniRef100_A0A0K6BZ49~K02892	97.5	80	2	0	1	80	1	80	5.95e-48	153
assemblyΩ1_5430	UniRef100_A0A0K6C0E1~K03530	94.4	90	5	0	1	90	1	90	7.05e-48	152
assemblyΩ1_7301	UniRef100_A0A0X8X1M9~K03832	46.3	82	44	0	7	88	14	95	2.36e-22	88.6
assemblyΩ1_5883	UniRef100_J9U995~K01265	48.2	83	40	1	2	84	3	82	8.43e-21	84.3
assemblyΩ1_5779	UniRef100_R4Y7J4~K07792	51.9	81	39	0	3	83	5	85	5.77e-19	79.7
assemblyΩ1_2351	UniRef100_Q5LGR6~K02899	98.9	89	1	0	1	89	1	89	5.58e-58	178
assemblyΩ1_291	UniRef100_S6B6U6~K02004	52.8	89	42	0	1	89	19	107	5.07e-28	103
assemblyΩ9_5	UniRef100_A0A1G1TQX9~K19158	64.1	92	26	3	1	88	1	89	1.96e-26	98.6
assemblyΩ1_5867	UniRef100_U3Q9J1~K02878	65.3	75	26	0	1	75	1	75	5.65e-29	104
assemblyΩ1_4720	UniRef100_D7BIZ9~K01945	51.8	85	39	1	1	85	1	83	1.97e-23	90.9
assemblyΩ7_13	UniRef100_A0A1G1TQX9~K19158	100	84	0	0	1	84	1	84	5.55e-55	170
assemblyΩ1_1379	UniRef100_F4BYD6~K01791	38.0	71	43	1	9	79	6	75	8.69e-12	61.2
assemblyΩ11_11	UniRef100_A0A1G1TQX9~K19158	82.1	84	14	1	1	83	1	84	3.21e-38	128
assemblyΩ3_460	UniRef100_Q5LD85~K02110	100	85	0	0	1	85	1	85	1.78e-32	113
assemblyΩ2_1601	UniRef100_W0EQV9~K03671	43.8	89	44	3	1	85	1	87	7.28e-18	77.0
assemblyΩ1_7161	UniRef100_A0A069SBI2~K03088	42.5	80	45	1	6	84	1	80	5.86e-07	48.9
assemblyΩ1_5869	UniRef100_Q5L8B8~K02961	97.6	85	2	0	1	85	5	89	1.04e-52	164
assemblyΩ1_5847	UniRef100_A0A068NZ13~K02950	79.8	84	17	0	1	84	10	93	7.04e-39	130
assemblyΩ1_4374	UniRef100_Q5LIK4~K02968	96.4	84	3	0	1	84	1	84	1.09e-46	149
assemblyΩ21_11	UniRef100_A0A1B3WI28~K07172	50.0	82	41	0	1	82	1	82	9.95e-24	91.3
assemblyΩ2_1583	UniRef100_E2X595~K06871	46.2	78	42	0	1	78	2	79	3.56e-21	85.1
assemblyΩ1_6772	UniRef100_U6EZU3~K03654	63.0	73	27	0	4	76	6	78	1.75e-26	98.2
assemblyΩ1_1657	UniRef100_F0LQU0~K01661	61.7	81	31	0	2	82	5	85	3.17e-32	112
assemblyΩ4_378	UniRef100_A0A0K2RT71~K01079	52.1	73	35	0	1	73	2	74	6.51e-16	71.2
assemblyΩ3_456	UniRef100_A0A0K6BUN1~K02114	97.5	81	2	0	1	81	1	81	2.71e-50	158
assemblyΩ3_445	UniRef100_B7FSF3~K14407	40.3	72	43	0	3	74	1	72	8.43e-12	60.8
assemblyΩ2_1932	UniRef100_A0A0K6BX34~K02078	96.3	80	3	0	1	80	1	80	2.95e-49	155
assemblyΩ1_5890	UniRef100_I2C0R0~K02952	67.9	78	24	1	1	78	1	77	2.15e-28	102
assemblyΩ1_2472	UniRef100_F0YI08~K00134	63.9	72	26	0	2	73	9	80	1.11e-25	96.3
assemblyΩ1_7889	UniRef100_A0A126ZF59~K07118	48.6	74	38	0	5	78	3	76	3.98e-21	84.3
assemblyΩ1_2695	UniRef100_A0A0I9SB40~K03116	94.6	74	4	0	1	74	1	74	4.57e-26	96.7
assemblyΩ13_11	UniRef100_A0A1G1TQX9~K19158	63.5	74	27	0	1	74	16	89	1.52e-24	93.2
assemblyΩ1_5863	UniRef100_W8F583~K02965	86.8	68	9	0	1	68	1	68	6.76e-38	126
assemblyΩ1_5887	UniRef100_Q5L8D1~K02518	100	72	0	0	1	72	1	72	1.56e-45	145
assemblyΩ1_5872	UniRef100_A0A0A8GZX8~K02895	54.8	62	27	1	3	64	2	62	1.20e-13	65.1
assemblyΩ2_1961	UniRef100_A0A1Y0CMD5~K02160	43.9	57	32	0	13	69	4	60	7.00e-07	47.8
assemblyΩ1_4531	UniRef100_A0A1Y0EEK2~K02078	46.6	58	31	0	1	58	1	58	3.21e-07	48.5
assemblyΩ1_382	UniRef100_A0A1T3ERN8~K02078	44.9	69	38	0	1	69	1	69	4.97e-12	60.8
assemblyΩ3_178	UniRef100_A0A0A8NPM4~K02003	57.8	64	27	0	1	64	2	65	7.79e-19	77.8
assemblyΩ1_5891	UniRef100_L0RZE3~K02948	64.6	65	23	0	1	65	1	65	4.68e-26	95.9
assemblyΩ1_5868	UniRef100_Q5L8B7~K02904	100	65	0	0	1	65	1	65	3.95e-36	121
assemblyΩ1_1228	UniRef100_D6DHZ3~K01607	54.7	53	24	0	11	63	4	56	7.54e-17	72.4
assemblyΩ1_365	UniRef100_W5YMJ2~K01791	54.1	61	28	0	1	61	1	61	5.66e-15	68.2
assemblyΩ1_5352	UniRef100_W0V9P7~K02956	52.5	59	28	0	1	59	5	63	5.52e-14	65.1
assemblyΩ1_5879	UniRef100_Q5L8C7~K02907	98.3	58	1	0	1	58	1	58	9.30e-32	109
assemblyΩ2_1487	UniRef100_U5QAG0~K03088	52.7	55	26	0	1	55	1	55	6.72e-14	64.7
assemblyΩ1_5849	UniRef100_J9ZBC4~K02992	63.3	49	18	0	8	56	10	58	7.47e-15	67.0
assemblyΩ2_1983	UniRef100_K7ZDR8~K02909	56.6	53	22	1	1	52	1	53	1.50e-15	68.6
assemblyΩ1_4306	UniRef100_A0A0G2ZXA2~K01520	54.0	50	23	0	1	50	4	53	5.84e-10	54.3
assemblyΩ1_5888	UniRef100_Q5L8D2~K02919	100	38	0	0	1	38	1	38	1.69e-19	77.4
