gene	start	end	length	strand	gc_content	genetic_code	rbs_motif	marker	evalue	bitscore	uscg	plasmid_hallmark	virus_hallmark	taxid	taxname	annotation_conjscan	annotation_amr	annotation_accessions	annotation_description
2_1	2	652	651	1	0.346	11	None	NA	NA	NA	0	0	0	1	NA	NA	NA	NA	NA
2_2	1250	2869	1620	1	0.314	11	TAA	NA	NA	NA	0	0	0	1	NA	NA	NA	NA	NA
2_3	2875	3267	393	1	0.280	11	TAA	NA	NA	NA	0	0	0	1	NA	NA	NA	NA	NA
2_4	3823	4452	630	1	0.330	11	AAAAAA	GENOMAD.181268.PP	1.137e-40	151	0	0	0	1	NA	NA	NA	PF06316;COG3047;TIGR04565	Outer membrane protein W
2_5	4533	5855	1323	-1	0.354	11	TAA	NA	NA	NA	0	0	0	1	NA	NA	NA	NA	NA
2_6	6003	6596	594	-1	0.394	11	None	NA	NA	NA	0	0	0	1	NA	NA	NA	NA	NA
2_7	6691	7221	531	-1	0.375	11	None	GENOMAD.166718.PV	2.879e-09	58	0	0	0	1	NA	NA	NA	NA	NA
2_8	7225	8100	876	-1	0.380	11	AATAA	NA	NA	NA	0	0	0	1	NA	NA	NA	NA	NA
2_9	8322	9143	822	1	0.332	11	TAA	NA	NA	NA	0	0	0	1	NA	NA	NA	NA	NA
2_10	9570	11348	1779	-1	0.338	11	None	NA	NA	NA	0	0	0	1	NA	NA	NA	NA	NA
2_11	11412	12428	1017	-1	0.376	11	TAA	NA	NA	NA	0	0	0	1	NA	NA	NA	NA	NA
2_12	12650	14293	1644	-1	0.343	11	None	NA	NA	NA	0	0	0	1	NA	NA	NA	NA	NA
2_13	14290	15216	927	-1	0.318	11	AAAA	GENOMAD.136125.PP	3.771e-37	145	0	1	0	1	NA	MOBB	NA	PF18976	Relaxase/Mobilisation nuclease domain
2_14	15209	15820	612	-1	0.327	11	TAA	GENOMAD.080166.PP	5.184e-08	55	0	0	0	1	NA	NA	NA	NA	NA
2_15	15902	16072	171	1	0.175	11	AAAA	NA	NA	NA	0	0	0	1	NA	NA	NA	NA	NA
2_16	17011	18297	1287	1	0.334	11	AATAA	NA	NA	NA	0	0	0	1	NA	NA	NA	NA	NA
2_17	18284	19177	894	1	0.320	11	AATAA	NA	NA	NA	0	0	0	1	NA	NA	NA	NA	NA
2_18	19330	20130	801	-1	0.333	11	TAA	GENOMAD.046894.PP	3.094e-31	126	0	0	0	1	NA	NA	NA	NA	NA
2_19	20916	21146	231	-1	0.416	11	None	GENOMAD.219723.VP	2.62e-22	91	0	0	0	2561	Caudoviricetes	NA	NA	NA	NA
2_20	21707	22153	447	-1	0.304	11	TAAA	GENOMAD.225928.VP	3.514e-05	45	0	0	0	1	NA	NA	NA	PF20600	Exodeoxyribonuclease X-like C-terminal
2_21	22189	22527	339	-1	0.363	11	None	GENOMAD.214771.PV	7.358e-60	201	0	0	0	1	NA	NA	NA	NA	NA
2_22	22524	22862	339	-1	0.357	11	None	NA	NA	NA	0	0	0	1	NA	NA	NA	NA	NA
2_23	22894	23097	204	-1	0.392	11	AATAA	GENOMAD.223038.VP	1.034e-34	126	0	0	0	2561	Caudoviricetes	NA	NA	NA	NA
2_24	23152	23337	186	-1	0.328	11	TATAA	NA	NA	NA	0	0	0	1	NA	NA	NA	NA	NA
2_25	23337	23678	342	-1	0.336	11	None	NA	NA	NA	0	0	0	1	NA	NA	NA	NA	NA
2_26	23865	24323	459	-1	0.309	11	TAA	NA	NA	NA	0	0	0	1	NA	NA	NA	NA	NA
2_27	24353	24628	276	-1	0.348	11	AAAA	GENOMAD.036265.PP	1.086e-45	159	0	0	0	1	NA	NA	NA	NA	NA
2_28	24612	24824	213	-1	0.296	11	TAA	NA	NA	NA	0	0	0	1	NA	NA	NA	NA	NA
2_29	25130	25717	588	-1	0.354	11	TAA	NA	NA	NA	0	0	0	1	NA	NA	NA	NA	NA
2_30	26340	27968	1629	-1	0.349	11	AAAAA	NA	NA	NA	0	0	0	1	NA	NA	NA	NA	NA
2_31	28137	28388	252	-1	0.325	11	TAA	NA	NA	NA	0	0	0	1	NA	NA	NA	NA	NA
2_32	28432	28791	360	-1	0.347	11	TAA	GENOMAD.224212.VP	7.272e-15	72	0	0	0	2561	Caudoviricetes	NA	NA	NA	NA
2_33	29274	29852	579	-1	0.416	11	AATAA	NA	NA	NA	0	0	0	1	NA	NA	NA	NA	NA
2_34	29917	30168	252	-1	0.313	11	TAA	NA	NA	NA	0	0	0	1	NA	NA	NA	NA	NA
2_35	30152	30511	360	-1	0.350	11	None	GENOMAD.071829.PP	1.359e-07	51	0	0	0	1	NA	NA	NA	NA	NA
2_36	30495	31079	585	-1	0.376	11	TAA	NA	NA	NA	0	0	0	1	NA	NA	NA	NA	NA
2_37	31042	32181	1140	-1	0.358	11	AATAA	NA	NA	NA	0	0	0	1	NA	NA	NA	NA	NA
2_38	32192	33205	1014	-1	0.404	11	AATAA	NA	NA	NA	0	0	0	1	NA	NA	NA	NA	NA
2_39	33210	33851	642	-1	0.357	11	TATAA	GENOMAD.096144.PP	1.078e-61	212	0	1	0	1	NA	NA	NA	PF11393;TIGR03781;COG3736;K20531	Bacteroides conjugative transposon TraK protein
2_40	34189	35301	1113	1	0.405	11	None	NA	NA	NA	0	0	0	1	NA	NA	NA	NA	NA
2_41	35346	36131	786	-1	0.377	11	AAAA	GENOMAD.096143.PP	3.063e-28	117	0	1	0	1	NA	NA	NA	PF04610;TIGR02783;COG3846;K03201	P-type conjugative transfer protein TrbL
2_42	36131	36685	555	-1	0.355	11	TAA	NA	NA	NA	0	0	0	1	NA	NA	NA	NA	NA
2_43	36682	39114	2433	-1	0.363	11	AAAAA	NA	NA	NA	0	0	0	1	NA	NA	NA	NA	NA
2_44	39107	39433	327	-1	0.339	11	TAA	NA	NA	NA	0	0	0	1	NA	NA	NA	NA	NA
2_45	39441	39752	312	-1	0.378	11	TAA	GENOMAD.099116.PP	7.693e-08	51	0	0	0	1	NA	NA	NA	NA	NA
2_46	39760	40548	789	-1	0.374	11	AATAA	GENOMAD.221263.CP	9.057e-05	46	0	0	0	1	NA	NA	NA	PF15415	Fimbrillin-like
2_47	40553	43216	2664	-1	0.415	11	AATAA	GENOMAD.198157.VP	5.096e-64	241	0	0	0	2561	Caudoviricetes	NA	NA	NA	NA
2_48	43225	44169	945	-1	0.404	11	TAA	GENOMAD.151075.PC	1.237e-28	120	0	0	0	1	NA	NA	NA	PF13149;PF16408;COG5567	Fimbrillin-like
2_49	44182	45069	888	-1	0.378	11	TAAA	GENOMAD.056146.PP	1.654e-28	119	0	0	0	1	NA	NA	NA	PF17145	NA
2_50	45066	47120	2055	-1	0.383	11	TAA	NA	NA	NA	0	0	0	1	NA	NA	NA	NA	NA
2_51	47165	47920	756	-1	0.357	11	TAA	NA	NA	NA	0	0	0	1	NA	NA	NA	NA	NA
2_52	47933	48433	501	-1	0.369	11	TAAA	NA	NA	NA	0	0	0	1	NA	NA	NA	NA	NA
2_53	48449	48997	549	-1	0.386	11	None	NA	NA	NA	0	0	0	1	NA	NA	NA	NA	NA
2_54	49415	49639	225	1	0.378	11	None	NA	NA	NA	0	0	0	1	NA	NA	NA	NA	NA
2_55	49681	50709	1029	-1	0.354	11	TAAAA	NA	NA	NA	0	0	0	1	NA	NA	NA	NA	NA
2_56	50754	52079	1326	-1	0.406	11	AAAA	NA	NA	NA	0	0	0	1	NA	NA	NA	NA	NA
2_57	52398	52982	585	-1	0.405	11	AATAA	NA	NA	NA	0	0	0	1	NA	NA	NA	NA	NA
2_58	53251	54042	792	1	0.367	11	TAA	NA	NA	NA	0	0	0	1	NA	NA	NA	NA	NA
2_59	54125	54943	819	1	0.349	11	AAAAAA	NA	NA	NA	0	0	0	1	NA	NA	NA	NA	NA
2_60	54951	55187	237	1	0.350	11	TAA	NA	NA	NA	0	0	0	1	NA	NA	NA	NA	NA
2_61	55333	57129	1797	1	0.376	11	AAAA	GENOMAD.151075.PC	7.059e-149	484	0	0	0	1	NA	NA	NA	PF13149;PF16408;COG5567	Fimbrillin-like
2_62	57274	57477	204	1	0.333	11	AATAA	NA	NA	NA	0	0	0	1	NA	NA	NA	NA	NA
2_63	57470	59092	1623	1	0.345	11	AATAA	NA	NA	NA	0	0	0	1	NA	NA	NA	NA	NA
2_64	59111	60754	1644	1	0.389	11	TAA	NA	NA	NA	0	0	0	1	NA	NA	NA	NA	NA
2_65	60776	61213	438	1	0.326	11	TATAA	GENOMAD.197009.PC	2.521e-29	115	0	0	0	2561	Caudoviricetes	NA	NA	PF08989	NA
2_66	61203	66686	5484	1	0.372	11	AAA	GENOMAD.208926.PC	8.22e-05	50	0	0	0	1	NA	NA	NA	NA	NA
2_67	66719	68455	1737	1	0.355	11	AAAA	NA	NA	NA	0	0	0	1	NA	NA	NA	NA	NA
2_68	68518	70152	1635	1	0.366	11	AAAAA	GENOMAD.221005.PV	8.449e-33	138	0	0	0	2561	Caudoviricetes	NA	NA	PF13662;TIGR01391;COG0358;K02316	DNA primase, catalytic core
2_69	70658	71530	873	-1	0.420	11	TAA	GENOMAD.205883.VC	1.152e-11	68	0	0	0	12031	Mimiviridae	NA	NA	PF19580;COG5239;TIGR03395;K06896	mRNA deadenylase, 3'-5' endonuclease subunit Ccr4
2_70	71553	73307	1755	-1	0.454	11	TAA	GENOMAD.126246.CP	1.146e-13	77	0	0	0	1	NA	NA	NA	PF12771;K21572	Starch-binding associating with outer membrane
2_71	73318	76569	3252	-1	0.419	11	AAAAAA	GENOMAD.138253.CP	4.241e-08	60	0	0	0	1	NA	NA	NA	PF20598;TIGR04056	TonB-linked outer membrane protein, SusC/RagA family
2_72	77124	78083	960	1	0.382	11	AAAA	GENOMAD.221005.PV	2.801e-33	134	0	0	0	2561	Caudoviricetes	NA	NA	PF13662;TIGR01391;COG0358;K02316	DNA primase, catalytic core
5_1	1	981	981	1	0.383	11	None	NA	NA	NA	0	0	0	1	NA	NA	NA	NA	NA
5_2	1010	1210	201	1	0.443	11	AAAAA	GENOMAD.162139.PV	3.964e-36	130	0	0	0	2561	Caudoviricetes	NA	NA	NA	NA
5_3	1177	1290	114	-1	0.281	11	TAAA	NA	NA	NA	0	0	0	1	NA	NA	NA	NA	NA
5_4	1324	1866	543	1	0.444	11	TAA	GENOMAD.134034.PV	9.576e-82	268	0	0	0	1	NA	NA	NA	NA	NA
5_5	1877	2407	531	1	0.284	11	TAAA	NA	NA	NA	0	0	0	1	NA	NA	NA	NA	NA
5_6	3359	4183	825	-1	0.461	11	AAA	GENOMAD.206182.CP	2.443e-20	94	0	0	0	1	NA	NA	NA	NA	NA
5_7	4327	4839	513	1	0.404	11	TAA	GENOMAD.159045.CP	2.841e-39	145	0	0	0	2561	Caudoviricetes	NA	NF000261	PF04299;COG2808;TIGR04110;K09979	Predicted FMN-binding regulatory protein PaiB
5_8	5038	5451	414	1	0.394	11	None	NA	NA	NA	0	0	0	1	NA	NA	NA	NA	NA
5_9	5363	6262	900	-1	0.496	11	AAAA	GENOMAD.136356.PP	1.567e-33	134	0	1	0	1	NA	MOBB	NA	PF18976	NA
5_10	6259	6861	603	-1	0.466	11	TATAA	NA	NA	NA	0	0	0	1	NA	NA	NA	NA	NA
5_11	7351	7572	222	-1	0.500	11	TAAAA	NA	NA	NA	0	0	0	1	NA	NA	NA	NA	NA
5_12	7613	7879	267	-1	0.457	11	None	NA	NA	NA	0	0	0	1	NA	NA	NA	NA	NA
6_1	2	868	867	1	0.385	11	None	GENOMAD.151095.PV	1.339e-14	77	0	0	0	2561	Caudoviricetes	NA	NA	PF01076	Plasmid recombination enzyme
6_2	938	1708	771	-1	0.348	11	TAAAAA	GENOMAD.058519.PP	2.815e-141	444	0	0	0	1	NA	NA	NA	PF16408;COG5567	NA
6_3	1800	2261	462	1	0.335	11	TAAA	GENOMAD.060629.PP	2.717e-82	268	0	0	0	1	NA	NA	NA	PF16390;TIGR03066;COG4808	Gemmata obscuriglobus paralogous family TIGR03066
6_4	2265	3314	1050	-1	0.378	11	AAAA	GENOMAD.059256.PP	2.467e-55	200	0	0	0	1	NA	NA	NA	NA	NA
6_5	3534	3722	189	-1	0.471	11	AAAAA	NA	NA	NA	0	0	0	1	NA	NA	NA	NA	NA
6_6	3810	4208	399	-1	0.436	11	AATAA	GENOMAD.025517.PP	2.693e-80	261	0	0	0	1	NA	NA	NA	NA	NA
6_7	4245	4565	321	-1	0.427	11	AAAA	NA	NA	NA	0	0	0	1	NA	NA	NA	NA	NA
6_8	4559	4807	249	-1	0.438	11	TAAA	NA	NA	NA	0	0	0	1	NA	NA	NA	NA	NA
6_9	5213	5593	381	1	0.488	11	TAA	GENOMAD.151095.PV	3.181e-27	108	0	0	0	2561	Caudoviricetes	NA	NA	PF01076	Plasmid recombination enzyme
